IP地址,端口,TLS,数据中心,地区,城市,网络延迟,下载速度
8.218.181.189,2082,false,HKG,Asia Pacific,Hong Kong,61 ms,21358 kB/s
47.243.91.58,8880,false,HKG,Asia Pacific,Hong Kong,65 ms,19153 kB/s
8.217.149.28,8080,false,HKG,Asia Pacific,Hong Kong,70 ms,17944 kB/s
8.217.149.28,2082,false,HKG,Asia Pacific,Hong Kong,56 ms,17770 kB/s
8.217.147.230,2052,false,HKG,Asia Pacific,Hong Kong,64 ms,17633 kB/s
8.210.65.1,8080,false,HKG,Asia Pacific,Hong Kong,59 ms,17382 kB/s
47.243.74.220,2082,false,HKG,Asia Pacific,Hong Kong,60 ms,16788 kB/s
47.243.5.154,2082,false,HKG,Asia Pacific,Hong Kong,64 ms,16553 kB/s
47.74.155.26,80,false,SIN,Asia Pacific,Singapore,94 ms,16132 kB/s
47.76.178.146,2052,false,HKG,Asia Pacific,Hong Kong,58 ms,15974 kB/s
8.217.250.222,2082,false,HKG,Asia Pacific,Hong Kong,64 ms,15964 kB/s
47.76.32.108,8080,false,HKG,Asia Pacific,Hong Kong,62 ms,15928 kB/s
8.218.136.25,2082,false,HKG,Asia Pacific,Hong Kong,61 ms,15927 kB/s
8.218.201.73,2082,false,HKG,Asia Pacific,Hong Kong,66 ms,15541 kB/s
8.210.21.65,2082,false,HKG,Asia Pacific,Hong Kong,63 ms,15143 kB/s
47.76.77.103,2052,false,HKG,Asia Pacific,Hong Kong,66 ms,15127 kB/s
8.217.250.222,8080,false,HKG,Asia Pacific,Hong Kong,59 ms,15071 kB/s
47.238.6.102,80,false,HKG,Asia Pacific,Hong Kong,61 ms,15036 kB/s
8.218.2.181,2052,false,HKG,Asia Pacific,Hong Kong,57 ms,14994 kB/s
47.76.37.57,2082,false,HKG,Asia Pacific,Hong Kong,61 ms,14955 kB/s
47.243.139.243,8880,false,HKG,Asia Pacific,Hong Kong,67 ms,14732 kB/s
8.218.85.128,2095,false,HKG,Asia Pacific,Hong Kong,60 ms,14731 kB/s
47.76.159.146,2086,false,HKG,Asia Pacific,Hong Kong,56 ms,14665 kB/s
8.210.65.1,2082,false,HKG,Asia Pacific,Hong Kong,67 ms,14181 kB/s
8.217.121.207,2052,false,HKG,Asia Pacific,Hong Kong,59 ms,14132 kB/s
8.217.251.62,2082,false,HKG,Asia Pacific,Hong Kong,57 ms,13975 kB/s
47.238.6.102,2052,false,HKG,Asia Pacific,Hong Kong,61 ms,13672 kB/s
8.218.207.169,2082,false,HKG,Asia Pacific,Hong Kong,60 ms,13660 kB/s
47.242.157.96,2082,false,HKG,Asia Pacific,Hong Kong,61 ms,13563 kB/s
47.242.202.230,2082,false,HKG,Asia Pacific,Hong Kong,62 ms,13464 kB/s
8.210.174.156,8080,false,HKG,Asia Pacific,Hong Kong,66 ms,13464 kB/s
8.217.207.60,8880,false,HKG,Asia Pacific,Hong Kong,61 ms,13432 kB/s
8.210.119.11,2082,false,HKG,Asia Pacific,Hong Kong,62 ms,13429 kB/s
47.76.204.76,2052,false,HKG,Asia Pacific,Hong Kong,61 ms,13326 kB/s
47.243.203.119,8880,false,HKG,Asia Pacific,Hong Kong,69 ms,13013 kB/s
47.242.157.96,8080,false,HKG,Asia Pacific,Hong Kong,59 ms,12952 kB/s
47.76.178.146,2082,false,HKG,Asia Pacific,Hong Kong,62 ms,12945 kB/s
8.218.142.253,2086,false,HKG,Asia Pacific,Hong Kong,60 ms,12893 kB/s
47.238.6.102,2082,false,HKG,Asia Pacific,Hong Kong,63 ms,12794 kB/s
8.218.204.128,2082,false,HKG,Asia Pacific,Hong Kong,58 ms,12741 kB/s
8.218.65.237,2082,false,HKG,Asia Pacific,Hong Kong,63 ms,12738 kB/s
8.210.146.108,2095,false,HKG,Asia Pacific,Hong Kong,66 ms,12652 kB/s
8.210.34.188,2095,false,HKG,Asia Pacific,Hong Kong,61 ms,12632 kB/s
8.210.107.246,2095,false,HKG,Asia Pacific,Hong Kong,56 ms,12593 kB/s
8.218.11.90,8080,false,HKG,Asia Pacific,Hong Kong,62 ms,12580 kB/s
47.76.204.76,80,false,HKG,Asia Pacific,Hong Kong,64 ms,12564 kB/s
47.243.169.63,2082,false,HKG,Asia Pacific,Hong Kong,60 ms,12453 kB/s
47.242.59.216,8080,false,HKG,Asia Pacific,Hong Kong,64 ms,12446 kB/s
47.243.60.150,2082,false,HKG,Asia Pacific,Hong Kong,61 ms,12275 kB/s
8.217.91.121,80,false,HKG,Asia Pacific,Hong Kong,63 ms,12131 kB/s
47.76.32.108,2086,false,HKG,Asia Pacific,Hong Kong,59 ms,12030 kB/s
8.218.65.237,8880,false,HKG,Asia Pacific,Hong Kong,58 ms,11998 kB/s
47.242.202.230,2052,false,HKG,Asia Pacific,Hong Kong,59 ms,11995 kB/s
47.76.178.146,8080,false,HKG,Asia Pacific,Hong Kong,60 ms,11898 kB/s
8.217.239.116,8080,false,HKG,Asia Pacific,Hong Kong,60 ms,11896 kB/s
8.217.164.10,2082,false,HKG,Asia Pacific,Hong Kong,63 ms,11840 kB/s
8.218.22.210,2086,false,HKG,Asia Pacific,Hong Kong,55 ms,11788 kB/s
8.217.85.14,2082,false,HKG,Asia Pacific,Hong Kong,65 ms,11533 kB/s
47.243.183.127,8880,false,HKG,Asia Pacific,Hong Kong,59 ms,11510 kB/s
47.76.49.246,2086,false,HKG,Asia Pacific,Hong Kong,64 ms,11502 kB/s
47.243.203.119,80,false,HKG,Asia Pacific,Hong Kong,59 ms,11389 kB/s
8.217.250.5,2082,false,HKG,Asia Pacific,Hong Kong,64 ms,11368 kB/s
8.218.126.53,2082,false,HKG,Asia Pacific,Hong Kong,63 ms,11367 kB/s
47.242.157.96,80,false,HKG,Asia Pacific,Hong Kong,58 ms,11174 kB/s
47.242.171.94,2095,false,HKG,Asia Pacific,Hong Kong,60 ms,11162 kB/s
8.217.193.25,80,false,HKG,Asia Pacific,Hong Kong,62 ms,11049 kB/s
8.210.207.214,2082,false,HKG,Asia Pacific,Hong Kong,60 ms,11009 kB/s
8.218.65.237,8080,false,HKG,Asia Pacific,Hong Kong,58 ms,10999 kB/s
8.218.143.10,8080,false,HKG,Asia Pacific,Hong Kong,63 ms,10962 kB/s
8.210.146.108,8880,false,HKG,Asia Pacific,Hong Kong,61 ms,10957 kB/s
8.210.101.157,2082,false,HKG,Asia Pacific,Hong Kong,69 ms,10907 kB/s
47.76.49.246,80,false,HKG,Asia Pacific,Hong Kong,66 ms,10897 kB/s
8.218.211.17,2082,false,HKG,Asia Pacific,Hong Kong,58 ms,10851 kB/s
47.242.155.183,2086,false,HKG,Asia Pacific,Hong Kong,63 ms,10824 kB/s
8.217.91.121,2082,false,HKG,Asia Pacific,Hong Kong,65 ms,10789 kB/s
8.217.207.60,80,false,HKG,Asia Pacific,Hong Kong,57 ms,10775 kB/s
8.210.175.109,2082,false,HKG,Asia Pacific,Hong Kong,62 ms,10770 kB/s
47.76.178.146,2086,false,HKG,Asia Pacific,Hong Kong,61 ms,10767 kB/s
47.76.204.76,2095,false,HKG,Asia Pacific,Hong Kong,61 ms,10757 kB/s
47.243.42.219,8080,false,HKG,Asia Pacific,Hong Kong,57 ms,10708 kB/s
47.242.17.250,2095,false,HKG,Asia Pacific,Hong Kong,59 ms,10625 kB/s
47.242.155.183,8080,false,HKG,Asia Pacific,Hong Kong,62 ms,10587 kB/s
47.242.155.183,8880,false,HKG,Asia Pacific,Hong Kong,58 ms,10547 kB/s
47.242.252.237,80,false,HKG,Asia Pacific,Hong Kong,63 ms,10542 kB/s
8.210.21.65,80,false,HKG,Asia Pacific,Hong Kong,60 ms,10503 kB/s
8.210.175.109,2095,false,HKG,Asia Pacific,Hong Kong,64 ms,10419 kB/s
8.210.48.107,8080,false,HKG,Asia Pacific,Hong Kong,60 ms,10394 kB/s
47.76.178.146,80,false,HKG,Asia Pacific,Hong Kong,65 ms,10388 kB/s
47.243.107.148,80,false,HKG,Asia Pacific,Hong Kong,58 ms,10386 kB/s
8.217.251.62,8080,false,HKG,Asia Pacific,Hong Kong,68 ms,10377 kB/s
8.210.3.24,2052,false,HKG,Asia Pacific,Hong Kong,66 ms,10297 kB/s
8.218.188.129,2052,false,HKG,Asia Pacific,Hong Kong,57 ms,10241 kB/s
8.218.18.132,2095,false,HKG,Asia Pacific,Hong Kong,59 ms,10162 kB/s
8.218.222.36,2086,false,HKG,Asia Pacific,Hong Kong,55 ms,10086 kB/s
8.218.11.90,2082,false,HKG,Asia Pacific,Hong Kong,63 ms,10082 kB/s
47.243.74.220,8080,false,HKG,Asia Pacific,Hong Kong,66 ms,9880 kB/s
8.210.207.214,8080,false,HKG,Asia Pacific,Hong Kong,55 ms,9859 kB/s
8.217.251.62,80,false,HKG,Asia Pacific,Hong Kong,59 ms,9835 kB/s
8.218.48.92,2095,false,HKG,Asia Pacific,Hong Kong,68 ms,9749 kB/s
8.222.215.228,2052,false,SIN,Asia Pacific,Singapore,239 ms,9744 kB/s
47.242.232.14,2082,false,HKG,Asia Pacific,Hong Kong,69 ms,9705 kB/s
8.218.126.53,2086,false,HKG,Asia Pacific,Hong Kong,60 ms,9695 kB/s
8.217.127.73,8880,false,HKG,Asia Pacific,Hong Kong,61 ms,9684 kB/s
8.210.101.157,8080,false,HKG,Asia Pacific,Hong Kong,63 ms,9680 kB/s
47.243.74.220,8880,false,HKG,Asia Pacific,Hong Kong,62 ms,9652 kB/s
8.222.214.231,8880,false,SIN,Asia Pacific,Singapore,246 ms,9625 kB/s
47.243.203.119,2086,false,HKG,Asia Pacific,Hong Kong,62 ms,9622 kB/s
47.76.204.76,2082,false,HKG,Asia Pacific,Hong Kong,65 ms,9571 kB/s
8.210.48.107,2082,false,HKG,Asia Pacific,Hong Kong,61 ms,9521 kB/s
47.76.146.1,2052,false,HKG,Asia Pacific,Hong Kong,58 ms,9518 kB/s
8.218.8.142,2082,false,HKG,Asia Pacific,Hong Kong,63 ms,9515 kB/s
8.218.18.235,80,false,HKG,Asia Pacific,Hong Kong,62 ms,9496 kB/s
8.217.121.207,2095,false,HKG,Asia Pacific,Hong Kong,62 ms,9451 kB/s
47.76.94.15,2052,false,HKG,Asia Pacific,Hong Kong,60 ms,9343 kB/s
8.222.214.231,2095,false,SIN,Asia Pacific,Singapore,216 ms,9320 kB/s
47.76.204.76,2086,false,HKG,Asia Pacific,Hong Kong,62 ms,9305 kB/s
8.210.207.214,8880,false,HKG,Asia Pacific,Hong Kong,69 ms,9270 kB/s
8.217.221.165,2082,false,HKG,Asia Pacific,Hong Kong,61 ms,9244 kB/s
47.76.37.57,2086,false,HKG,Asia Pacific,Hong Kong,62 ms,9226 kB/s
8.218.3.12,2082,false,HKG,Asia Pacific,Hong Kong,58 ms,9204 kB/s
8.218.136.25,2095,false,HKG,Asia Pacific,Hong Kong,62 ms,9124 kB/s
8.217.164.10,2086,false,HKG,Asia Pacific,Hong Kong,62 ms,9119 kB/s
8.218.52.115,2082,false,HKG,Asia Pacific,Hong Kong,58 ms,9091 kB/s
8.210.174.156,80,false,HKG,Asia Pacific,Hong Kong,67 ms,9013 kB/s
8.217.121.207,2082,false,HKG,Asia Pacific,Hong Kong,66 ms,9009 kB/s
47.242.202.230,8080,false,HKG,Asia Pacific,Hong Kong,57 ms,8940 kB/s
8.218.201.73,80,false,HKG,Asia Pacific,Hong Kong,59 ms,8938 kB/s
47.243.107.148,8880,false,HKG,Asia Pacific,Hong Kong,60 ms,8922 kB/s
8.217.147.230,8080,false,HKG,Asia Pacific,Hong Kong,71 ms,8901 kB/s
8.218.85.128,80,false,HKG,Asia Pacific,Hong Kong,55 ms,8874 kB/s
8.217.250.222,80,false,HKG,Asia Pacific,Hong Kong,59 ms,8848 kB/s
8.210.156.6,2095,false,HKG,Asia Pacific,Hong Kong,57 ms,8791 kB/s
8.217.193.25,8080,false,HKG,Asia Pacific,Hong Kong,64 ms,8688 kB/s
47.242.234.127,2082,false,HKG,Asia Pacific,Hong Kong,69 ms,8683 kB/s
47.237.95.146,2082,false,SIN,Asia Pacific,Singapore,214 ms,8658 kB/s
8.218.143.10,80,false,HKG,Asia Pacific,Hong Kong,67 ms,8654 kB/s
8.210.66.190,2082,false,HKG,Asia Pacific,Hong Kong,57 ms,8647 kB/s
8.210.119.11,2086,false,HKG,Asia Pacific,Hong Kong,63 ms,8647 kB/s
47.76.49.246,2082,false,HKG,Asia Pacific,Hong Kong,67 ms,8622 kB/s
8.210.175.109,8080,false,HKG,Asia Pacific,Hong Kong,60 ms,8575 kB/s
8.219.126.240,2052,false,SIN,Asia Pacific,Singapore,219 ms,8564 kB/s
8.218.11.90,8880,false,HKG,Asia Pacific,Hong Kong,59 ms,8522 kB/s
47.76.178.146,8880,false,HKG,Asia Pacific,Hong Kong,63 ms,8501 kB/s
8.218.122.55,2082,false,HKG,Asia Pacific,Hong Kong,61 ms,8498 kB/s
8.217.147.230,2086,false,HKG,Asia Pacific,Hong Kong,61 ms,8433 kB/s
47.236.169.164,2095,false,SIN,Asia Pacific,Singapore,229 ms,8433 kB/s
8.217.248.220,2086,false,HKG,Asia Pacific,Hong Kong,63 ms,8422 kB/s
8.218.146.204,8880,false,HKG,Asia Pacific,Hong Kong,69 ms,8416 kB/s
8.210.21.65,2095,false,HKG,Asia Pacific,Hong Kong,62 ms,8409 kB/s
8.218.243.95,8080,false,HKG,Asia Pacific,Hong Kong,64 ms,8403 kB/s
8.218.207.169,2095,false,HKG,Asia Pacific,Hong Kong,62 ms,8316 kB/s
47.242.174.27,8880,false,HKG,Asia Pacific,Hong Kong,63 ms,8290 kB/s
8.219.132.64,8880,false,SIN,Asia Pacific,Singapore,215 ms,8275 kB/s
8.222.136.247,8080,false,SIN,Asia Pacific,Singapore,208 ms,8256 kB/s
8.218.181.189,8080,false,HKG,Asia Pacific,Hong Kong,59 ms,8189 kB/s
8.218.53.110,2082,false,HKG,Asia Pacific,Hong Kong,70 ms,8172 kB/s
47.236.17.193,80,false,SIN,Asia Pacific,Singapore,239 ms,8146 kB/s
47.236.205.188,2095,false,SIN,Asia Pacific,Singapore,211 ms,8133 kB/s
8.219.107.135,2052,false,SIN,Asia Pacific,Singapore,206 ms,8129 kB/s
47.245.114.163,2095,false,SIN,Asia Pacific,Singapore,225 ms,8126 kB/s
8.218.143.10,8880,false,HKG,Asia Pacific,Hong Kong,71 ms,8123 kB/s
8.218.3.12,8080,false,HKG,Asia Pacific,Hong Kong,59 ms,8075 kB/s
8.217.221.165,8080,false,HKG,Asia Pacific,Hong Kong,64 ms,8060 kB/s
8.218.207.169,80,false,HKG,Asia Pacific,Hong Kong,59 ms,8055 kB/s
47.236.172.95,2082,false,SIN,Asia Pacific,Singapore,222 ms,8017 kB/s
8.219.107.135,2082,false,SIN,Asia Pacific,Singapore,211 ms,8007 kB/s
8.219.174.142,2095,false,SIN,Asia Pacific,Singapore,211 ms,7995 kB/s
47.238.6.102,8880,false,HKG,Asia Pacific,Hong Kong,67 ms,7953 kB/s
8.222.156.242,2086,false,SIN,Asia Pacific,Singapore,216 ms,7952 kB/s
8.210.65.1,2086,false,HKG,Asia Pacific,Hong Kong,62 ms,7950 kB/s
8.210.100.23,2052,false,HKG,Asia Pacific,Hong Kong,59 ms,7948 kB/s
47.243.86.79,2082,false,HKG,Asia Pacific,Hong Kong,61 ms,7942 kB/s
8.210.192.93,2082,false,HKG,Asia Pacific,Hong Kong,63 ms,7936 kB/s
8.210.107.246,8880,false,HKG,Asia Pacific,Hong Kong,70 ms,7929 kB/s
8.219.6.150,8080,false,SIN,Asia Pacific,Singapore,221 ms,7928 kB/s
8.222.179.231,80,false,SIN,Asia Pacific,Singapore,208 ms,7906 kB/s
47.242.234.127,80,false,HKG,Asia Pacific,Hong Kong,59 ms,7905 kB/s
47.242.155.183,80,false,HKG,Asia Pacific,Hong Kong,62 ms,7894 kB/s
47.242.234.127,8880,false,HKG,Asia Pacific,Hong Kong,58 ms,7878 kB/s
47.236.164.215,2052,false,SIN,Asia Pacific,Singapore,224 ms,7862 kB/s
47.243.206.150,2086,false,HKG,Asia Pacific,Hong Kong,65 ms,7834 kB/s
47.243.91.58,2086,false,HKG,Asia Pacific,Hong Kong,57 ms,7809 kB/s
8.222.162.45,2086,false,SIN,Asia Pacific,Singapore,234 ms,7784 kB/s
8.219.132.64,2095,false,SIN,Asia Pacific,Singapore,222 ms,7780 kB/s
8.210.34.188,2082,false,HKG,Asia Pacific,Hong Kong,68 ms,7780 kB/s
8.217.49.34,2095,false,HKG,Asia Pacific,Hong Kong,62 ms,7759 kB/s
47.243.183.127,2095,false,HKG,Asia Pacific,Hong Kong,61 ms,7757 kB/s
8.218.18.235,8080,false,HKG,Asia Pacific,Hong Kong,59 ms,7748 kB/s
8.219.126.240,2086,false,SIN,Asia Pacific,Singapore,225 ms,7728 kB/s
8.219.113.232,2086,false,SIN,Asia Pacific,Singapore,239 ms,7670 kB/s
8.219.117.198,2095,false,SIN,Asia Pacific,Singapore,221 ms,7668 kB/s
8.219.110.81,2082,false,SIN,Asia Pacific,Singapore,210 ms,7650 kB/s
8.218.48.92,2082,false,HKG,Asia Pacific,Hong Kong,67 ms,7647 kB/s
47.242.232.14,8080,false,HKG,Asia Pacific,Hong Kong,66 ms,7646 kB/s
8.219.202.130,2086,false,SIN,Asia Pacific,Singapore,214 ms,7633 kB/s
47.245.114.163,8080,false,SIN,Asia Pacific,Singapore,237 ms,7626 kB/s
47.236.170.225,8080,false,SIN,Asia Pacific,Singapore,225 ms,7606 kB/s
8.218.146.204,8080,false,HKG,Asia Pacific,Hong Kong,69 ms,7594 kB/s
47.238.6.102,2086,false,HKG,Asia Pacific,Hong Kong,56 ms,7591 kB/s
47.236.169.164,80,false,SIN,Asia Pacific,Singapore,214 ms,7589 kB/s
8.217.232.246,8080,false,HKG,Asia Pacific,Hong Kong,73 ms,7573 kB/s
47.243.139.243,2095,false,HKG,Asia Pacific,Hong Kong,68 ms,7566 kB/s
8.219.104.37,2082,false,SIN,Asia Pacific,Singapore,212 ms,7533 kB/s
47.242.171.94,80,false,HKG,Asia Pacific,Hong Kong,61 ms,7521 kB/s
47.242.17.250,2086,false,HKG,Asia Pacific,Hong Kong,62 ms,7521 kB/s
8.218.243.95,2082,false,HKG,Asia Pacific,Hong Kong,65 ms,7517 kB/s
8.219.50.180,80,false,SIN,Asia Pacific,Singapore,217 ms,7511 kB/s
8.218.136.25,8880,false,HKG,Asia Pacific,Hong Kong,62 ms,7509 kB/s
8.222.180.86,80,false,SIN,Asia Pacific,Singapore,217 ms,7503 kB/s
8.219.11.158,2095,false,SIN,Asia Pacific,Singapore,215 ms,7467 kB/s
47.243.206.150,8080,false,HKG,Asia Pacific,Hong Kong,65 ms,7446 kB/s
8.217.145.40,2086,false,HKG,Asia Pacific,Hong Kong,61 ms,7406 kB/s
47.243.91.58,2082,false,HKG,Asia Pacific,Hong Kong,59 ms,7402 kB/s
47.236.166.131,8880,false,SIN,Asia Pacific,Singapore,225 ms,7397 kB/s
47.236.169.164,8080,false,SIN,Asia Pacific,Singapore,222 ms,7394 kB/s
8.219.201.245,2082,false,SIN,Asia Pacific,Singapore,221 ms,7394 kB/s
47.236.168.17,8880,false,SIN,Asia Pacific,Singapore,234 ms,7389 kB/s
47.236.237.90,2082,false,SIN,Asia Pacific,Singapore,213 ms,7360 kB/s
8.218.211.17,2086,false,HKG,Asia Pacific,Hong Kong,63 ms,7358 kB/s
8.218.174.118,2086,false,HKG,Asia Pacific,Hong Kong,59 ms,7355 kB/s
47.236.170.225,2082,false,SIN,Asia Pacific,Singapore,229 ms,7348 kB/s
47.236.164.215,2095,false,SIN,Asia Pacific,Singapore,216 ms,7346 kB/s
47.236.171.205,2095,false,SIN,Asia Pacific,Singapore,219 ms,7340 kB/s
8.210.175.109,80,false,HKG,Asia Pacific,Hong Kong,56 ms,7337 kB/s
8.219.122.55,80,false,SIN,Asia Pacific,Singapore,227 ms,7321 kB/s
47.236.169.164,8880,false,SIN,Asia Pacific,Singapore,222 ms,7298 kB/s
8.210.34.188,8080,false,HKG,Asia Pacific,Hong Kong,68 ms,7294 kB/s
8.218.48.92,8880,false,HKG,Asia Pacific,Hong Kong,61 ms,7288 kB/s
8.219.107.135,2086,false,SIN,Asia Pacific,Singapore,228 ms,7280 kB/s
47.236.165.25,2095,false,SIN,Asia Pacific,Singapore,211 ms,7249 kB/s
8.217.250.5,80,false,HKG,Asia Pacific,Hong Kong,58 ms,7238 kB/s
8.210.48.107,80,false,HKG,Asia Pacific,Hong Kong,65 ms,7237 kB/s
47.242.17.250,2082,false,HKG,Asia Pacific,Hong Kong,56 ms,7234 kB/s
47.236.167.231,8880,false,SIN,Asia Pacific,Singapore,242 ms,7230 kB/s
47.236.169.164,2086,false,SIN,Asia Pacific,Singapore,222 ms,7225 kB/s
47.236.172.95,2095,false,SIN,Asia Pacific,Singapore,249 ms,7224 kB/s
47.236.166.131,2082,false,SIN,Asia Pacific,Singapore,227 ms,7223 kB/s
8.210.65.1,8880,false,HKG,Asia Pacific,Hong Kong,59 ms,7222 kB/s
8.210.156.6,80,false,HKG,Asia Pacific,Hong Kong,55 ms,7194 kB/s
8.218.2.181,80,false,HKG,Asia Pacific,Hong Kong,62 ms,7189 kB/s
47.236.168.17,8080,false,SIN,Asia Pacific,Singapore,242 ms,7173 kB/s
47.243.91.58,80,false,HKG,Asia Pacific,Hong Kong,54 ms,7156 kB/s
8.217.147.230,8880,false,HKG,Asia Pacific,Hong Kong,68 ms,7150 kB/s
8.219.139.13,80,false,SIN,Asia Pacific,Singapore,233 ms,7148 kB/s
47.76.159.146,2082,false,HKG,Asia Pacific,Hong Kong,64 ms,7148 kB/s
47.236.174.206,2095,false,SIN,Asia Pacific,Singapore,223 ms,7143 kB/s
47.243.169.63,8880,false,HKG,Asia Pacific,Hong Kong,57 ms,7142 kB/s
8.219.51.211,8880,false,SIN,Asia Pacific,Singapore,219 ms,7142 kB/s
8.218.11.90,80,false,HKG,Asia Pacific,Hong Kong,61 ms,7140 kB/s
8.219.11.158,8080,false,SIN,Asia Pacific,Singapore,232 ms,7140 kB/s
47.236.165.25,2052,false,SIN,Asia Pacific,Singapore,232 ms,7134 kB/s
47.236.80.110,2052,false,SIN,Asia Pacific,Singapore,222 ms,7126 kB/s
8.219.132.64,8080,false,SIN,Asia Pacific,Singapore,239 ms,7119 kB/s
8.218.52.115,2095,false,HKG,Asia Pacific,Hong Kong,60 ms,7118 kB/s
8.222.144.50,8080,false,SIN,Asia Pacific,Singapore,246 ms,7094 kB/s
8.219.189.143,8080,false,SIN,Asia Pacific,Singapore,220 ms,7068 kB/s
8.219.117.198,8080,false,SIN,Asia Pacific,Singapore,236 ms,7052 kB/s
47.236.158.158,8080,false,SIN,Asia Pacific,Singapore,236 ms,7050 kB/s
8.222.144.50,2082,false,SIN,Asia Pacific,Singapore,240 ms,7046 kB/s
47.236.169.141,2095,false,SIN,Asia Pacific,Singapore,237 ms,7044 kB/s
8.210.107.246,2086,false,HKG,Asia Pacific,Hong Kong,64 ms,7034 kB/s
8.219.189.143,8880,false,SIN,Asia Pacific,Singapore,234 ms,7025 kB/s
47.236.180.24,2082,false,SIN,Asia Pacific,Singapore,211 ms,7012 kB/s
8.219.111.175,2086,false,SIN,Asia Pacific,Singapore,227 ms,7001 kB/s
8.219.114.201,8880,false,SIN,Asia Pacific,Singapore,237 ms,6999 kB/s
8.219.120.87,8080,false,SIN,Asia Pacific,Singapore,220 ms,6998 kB/s
47.236.164.215,8080,false,SIN,Asia Pacific,Singapore,233 ms,6988 kB/s
47.243.86.79,2095,false,HKG,Asia Pacific,Hong Kong,59 ms,6978 kB/s
8.219.122.55,8880,false,SIN,Asia Pacific,Singapore,211 ms,6976 kB/s
8.219.111.175,80,false,SIN,Asia Pacific,Singapore,218 ms,6961 kB/s
8.219.142.191,8080,false,SIN,Asia Pacific,Singapore,238 ms,6954 kB/s
47.242.252.237,8080,false,HKG,Asia Pacific,Hong Kong,62 ms,6945 kB/s
8.219.104.37,8880,false,SIN,Asia Pacific,Singapore,223 ms,6942 kB/s
47.236.169.164,2082,false,SIN,Asia Pacific,Singapore,228 ms,6940 kB/s
8.219.222.98,2095,false,SIN,Asia Pacific,Singapore,222 ms,6939 kB/s
8.219.60.54,2082,false,SIN,Asia Pacific,Singapore,217 ms,6938 kB/s
47.236.145.85,80,false,SIN,Asia Pacific,Singapore,218 ms,6930 kB/s
47.236.169.141,8080,false,SIN,Asia Pacific,Singapore,226 ms,6922 kB/s
47.245.118.70,2086,false,SIN,Asia Pacific,Singapore,236 ms,6921 kB/s
8.218.3.12,80,false,HKG,Asia Pacific,Hong Kong,61 ms,6912 kB/s
8.210.146.108,8080,false,HKG,Asia Pacific,Hong Kong,66 ms,6903 kB/s
47.237.0.31,80,false,SIN,Asia Pacific,Singapore,209 ms,6875 kB/s
8.218.18.132,80,false,HKG,Asia Pacific,Hong Kong,61 ms,6874 kB/s
8.218.155.238,80,false,HKG,Asia Pacific,Hong Kong,61 ms,6849 kB/s
47.236.169.15,80,false,SIN,Asia Pacific,Singapore,221 ms,6849 kB/s
8.219.139.13,8880,false,SIN,Asia Pacific,Singapore,209 ms,6845 kB/s
8.219.78.188,2082,false,SIN,Asia Pacific,Singapore,224 ms,6845 kB/s
47.242.202.230,2086,false,HKG,Asia Pacific,Hong Kong,58 ms,6818 kB/s
47.236.174.206,2052,false,SIN,Asia Pacific,Singapore,228 ms,6815 kB/s
8.219.163.195,8080,false,SIN,Asia Pacific,Singapore,238 ms,6785 kB/s
47.236.93.176,2082,false,SIN,Asia Pacific,Singapore,227 ms,6765 kB/s
47.236.180.24,8080,false,SIN,Asia Pacific,Singapore,216 ms,6755 kB/s
47.236.170.225,2086,false,SIN,Asia Pacific,Singapore,224 ms,6746 kB/s
47.236.144.48,8880,false,SIN,Asia Pacific,Singapore,243 ms,6743 kB/s
47.236.180.24,80,false,SIN,Asia Pacific,Singapore,235 ms,6712 kB/s
47.236.202.91,2086,false,SIN,Asia Pacific,Singapore,218 ms,6712 kB/s
8.219.6.150,80,false,SIN,Asia Pacific,Singapore,219 ms,6710 kB/s
47.236.180.24,8880,false,SIN,Asia Pacific,Singapore,218 ms,6702 kB/s
8.219.142.191,80,false,SIN,Asia Pacific,Singapore,227 ms,6702 kB/s
8.218.142.253,2095,false,HKG,Asia Pacific,Hong Kong,60 ms,6695 kB/s
8.219.142.191,8880,false,SIN,Asia Pacific,Singapore,244 ms,6686 kB/s
8.218.188.129,2082,false,HKG,Asia Pacific,Hong Kong,61 ms,6670 kB/s
8.218.142.253,8880,false,HKG,Asia Pacific,Hong Kong,64 ms,6657 kB/s
8.219.78.1,80,false,SIN,Asia Pacific,Singapore,214 ms,6648 kB/s
47.237.83.20,2052,false,SIN,Asia Pacific,Singapore,225 ms,6643 kB/s
8.219.51.211,2082,false,SIN,Asia Pacific,Singapore,239 ms,6625 kB/s
47.236.145.85,2086,false,SIN,Asia Pacific,Singapore,224 ms,6613 kB/s
8.218.18.235,2086,false,HKG,Asia Pacific,Hong Kong,68 ms,6592 kB/s
47.242.174.27,2082,false,HKG,Asia Pacific,Hong Kong,60 ms,6587 kB/s
47.237.0.31,8080,false,SIN,Asia Pacific,Singapore,217 ms,6580 kB/s
8.219.107.135,8080,false,SIN,Asia Pacific,Singapore,223 ms,6573 kB/s
47.236.144.196,80,false,SIN,Asia Pacific,Singapore,246 ms,6560 kB/s
8.218.243.95,80,false,HKG,Asia Pacific,Hong Kong,63 ms,6559 kB/s
47.236.170.54,2052,false,SIN,Asia Pacific,Singapore,228 ms,6558 kB/s
47.236.202.91,2082,false,SIN,Asia Pacific,Singapore,244 ms,6556 kB/s
47.236.180.24,2086,false,SIN,Asia Pacific,Singapore,218 ms,6555 kB/s
47.236.172.71,8080,false,SIN,Asia Pacific,Singapore,235 ms,6546 kB/s
47.242.252.237,8880,false,HKG,Asia Pacific,Hong Kong,64 ms,6532 kB/s
8.219.163.195,2095,false,SIN,Asia Pacific,Singapore,221 ms,6530 kB/s
47.237.83.20,8080,false,SIN,Asia Pacific,Singapore,233 ms,6508 kB/s
47.236.232.148,2052,false,SIN,Asia Pacific,Singapore,237 ms,6504 kB/s
8.219.163.195,2052,false,SIN,Asia Pacific,Singapore,211 ms,6499 kB/s
8.222.156.242,8880,false,SIN,Asia Pacific,Singapore,220 ms,6479 kB/s
8.219.107.135,8880,false,SIN,Asia Pacific,Singapore,217 ms,6474 kB/s
47.237.92.26,8080,false,SIN,Asia Pacific,Singapore,239 ms,6471 kB/s
47.236.237.90,2086,false,SIN,Asia Pacific,Singapore,214 ms,6470 kB/s
8.219.99.169,8080,false,SIN,Asia Pacific,Singapore,214 ms,6456 kB/s
47.236.205.188,2086,false,SIN,Asia Pacific,Singapore,239 ms,6450 kB/s
47.236.167.231,80,false,SIN,Asia Pacific,Singapore,218 ms,6442 kB/s
8.218.204.128,2086,false,HKG,Asia Pacific,Hong Kong,60 ms,6441 kB/s
47.236.180.51,8080,false,SIN,Asia Pacific,Singapore,238 ms,6441 kB/s
8.222.244.192,2086,false,SIN,Asia Pacific,Singapore,214 ms,6437 kB/s
47.236.205.188,2052,false,SIN,Asia Pacific,Singapore,215 ms,6432 kB/s
8.210.21.65,8080,false,HKG,Asia Pacific,Hong Kong,58 ms,6430 kB/s
47.236.149.107,8880,false,SIN,Asia Pacific,Singapore,224 ms,6427 kB/s
47.236.168.17,2086,false,SIN,Asia Pacific,Singapore,213 ms,6422 kB/s
8.222.181.117,2052,false,SIN,Asia Pacific,Singapore,235 ms,6421 kB/s
47.237.11.182,2052,false,SIN,Asia Pacific,Singapore,212 ms,6418 kB/s
8.219.117.198,2086,false,SIN,Asia Pacific,Singapore,227 ms,6415 kB/s
8.219.106.156,8880,false,SIN,Asia Pacific,Singapore,235 ms,6414 kB/s
47.236.166.131,2086,false,SIN,Asia Pacific,Singapore,241 ms,6413 kB/s
8.219.132.64,80,false,SIN,Asia Pacific,Singapore,211 ms,6398 kB/s
8.218.222.36,2082,false,HKG,Asia Pacific,Hong Kong,62 ms,6396 kB/s
8.222.164.209,80,false,SIN,Asia Pacific,Singapore,217 ms,6395 kB/s
8.219.49.65,80,false,SIN,Asia Pacific,Singapore,232 ms,6391 kB/s
47.237.100.206,80,false,SIN,Asia Pacific,Singapore,209 ms,6381 kB/s
8.210.245.224,2082,false,HKG,Asia Pacific,Hong Kong,61 ms,6371 kB/s
8.218.85.128,8080,false,HKG,Asia Pacific,Hong Kong,60 ms,6370 kB/s
8.218.22.210,80,false,HKG,Asia Pacific,Hong Kong,59 ms,6367 kB/s
8.219.99.169,2095,false,SIN,Asia Pacific,Singapore,219 ms,6367 kB/s
8.219.139.13,2082,false,SIN,Asia Pacific,Singapore,225 ms,6353 kB/s
8.219.78.1,2082,false,SIN,Asia Pacific,Singapore,224 ms,6352 kB/s
8.218.136.25,80,false,HKG,Asia Pacific,Hong Kong,59 ms,6347 kB/s
47.236.166.131,8080,false,SIN,Asia Pacific,Singapore,229 ms,6342 kB/s
8.217.127.73,8080,false,HKG,Asia Pacific,Hong Kong,68 ms,6341 kB/s
8.219.177.205,2086,false,SIN,Asia Pacific,Singapore,243 ms,6335 kB/s
47.236.205.188,8080,false,SIN,Asia Pacific,Singapore,212 ms,6328 kB/s
47.243.107.148,2086,false,HKG,Asia Pacific,Hong Kong,60 ms,6309 kB/s
47.243.60.150,2095,false,HKG,Asia Pacific,Hong Kong,59 ms,6308 kB/s
47.236.9.152,80,false,SIN,Asia Pacific,Singapore,219 ms,6306 kB/s
47.243.169.63,80,false,HKG,Asia Pacific,Hong Kong,56 ms,6301 kB/s
8.219.111.175,2082,false,SIN,Asia Pacific,Singapore,227 ms,6299 kB/s
47.236.167.231,8080,false,SIN,Asia Pacific,Singapore,240 ms,6297 kB/s
47.236.158.158,2052,false,SIN,Asia Pacific,Singapore,242 ms,6290 kB/s
47.236.123.133,2052,false,SIN,Asia Pacific,Singapore,214 ms,6289 kB/s
47.236.10.100,8080,false,SIN,Asia Pacific,Singapore,213 ms,6284 kB/s
47.243.139.243,8080,false,HKG,Asia Pacific,Hong Kong,64 ms,6282 kB/s
8.219.191.40,80,false,SIN,Asia Pacific,Singapore,235 ms,6272 kB/s
47.236.80.110,2095,false,SIN,Asia Pacific,Singapore,223 ms,6271 kB/s
8.219.163.195,80,false,SIN,Asia Pacific,Singapore,216 ms,6263 kB/s
8.222.184.198,2052,false,SIN,Asia Pacific,Singapore,216 ms,6258 kB/s
47.236.169.15,2052,false,SIN,Asia Pacific,Singapore,213 ms,6256 kB/s
8.219.110.81,2086,false,SIN,Asia Pacific,Singapore,236 ms,6248 kB/s
8.219.198.139,2052,false,SIN,Asia Pacific,Singapore,214 ms,6248 kB/s
47.236.167.231,2082,false,SIN,Asia Pacific,Singapore,233 ms,6237 kB/s
47.236.172.71,2082,false,SIN,Asia Pacific,Singapore,237 ms,6232 kB/s
47.236.170.54,8880,false,SIN,Asia Pacific,Singapore,241 ms,6227 kB/s
47.236.174.206,8880,false,SIN,Asia Pacific,Singapore,216 ms,6226 kB/s
47.236.104.11,8880,false,SIN,Asia Pacific,Singapore,244 ms,6226 kB/s
8.218.8.142,2086,false,HKG,Asia Pacific,Hong Kong,56 ms,6225 kB/s
47.236.5.223,80,false,SIN,Asia Pacific,Singapore,231 ms,6221 kB/s
47.236.158.158,2082,false,SIN,Asia Pacific,Singapore,229 ms,6220 kB/s
8.222.214.231,80,false,SIN,Asia Pacific,Singapore,214 ms,6218 kB/s
47.236.169.141,8880,false,SIN,Asia Pacific,Singapore,215 ms,6216 kB/s
8.222.187.4,2082,false,SIN,Asia Pacific,Singapore,231 ms,6215 kB/s
8.219.161.129,80,false,SIN,Asia Pacific,Singapore,227 ms,6214 kB/s
47.237.81.112,2086,false,SIN,Asia Pacific,Singapore,223 ms,6208 kB/s
8.222.164.209,2082,false,SIN,Asia Pacific,Singapore,226 ms,6190 kB/s
8.210.192.93,80,false,HKG,Asia Pacific,Hong Kong,64 ms,6184 kB/s
47.236.172.71,8880,false,SIN,Asia Pacific,Singapore,234 ms,6183 kB/s
47.236.145.85,2052,false,SIN,Asia Pacific,Singapore,219 ms,6181 kB/s
47.236.254.120,2095,false,SIN,Asia Pacific,Singapore,220 ms,6180 kB/s
8.219.174.213,8080,false,SIN,Asia Pacific,Singapore,217 ms,6177 kB/s
8.219.113.232,2082,false,SIN,Asia Pacific,Singapore,226 ms,6173 kB/s
47.236.232.148,80,false,SIN,Asia Pacific,Singapore,218 ms,6167 kB/s
47.236.117.48,80,false,SIN,Asia Pacific,Singapore,237 ms,6161 kB/s
47.242.176.237,2082,false,HKG,Asia Pacific,Hong Kong,63 ms,6161 kB/s
8.219.104.37,8080,false,SIN,Asia Pacific,Singapore,215 ms,6157 kB/s
8.210.100.23,2095,false,HKG,Asia Pacific,Hong Kong,53 ms,6154 kB/s
47.243.173.187,80,false,HKG,Asia Pacific,Hong Kong,56 ms,6149 kB/s
8.219.100.168,8880,false,SIN,Asia Pacific,Singapore,216 ms,6148 kB/s
47.236.180.24,2095,false,SIN,Asia Pacific,Singapore,213 ms,6147 kB/s
47.236.253.41,8880,false,SIN,Asia Pacific,Singapore,220 ms,6146 kB/s
8.219.120.87,2086,false,SIN,Asia Pacific,Singapore,227 ms,6145 kB/s
47.245.102.52,2052,false,SIN,Asia Pacific,Singapore,231 ms,6144 kB/s
8.219.122.55,2052,false,SIN,Asia Pacific,Singapore,211 ms,6134 kB/s
8.222.187.4,2052,false,SIN,Asia Pacific,Singapore,214 ms,6127 kB/s
8.222.165.117,2086,false,SIN,Asia Pacific,Singapore,208 ms,6123 kB/s
8.219.189.143,2082,false,SIN,Asia Pacific,Singapore,210 ms,6123 kB/s
8.219.11.158,8880,false,SIN,Asia Pacific,Singapore,216 ms,6122 kB/s
8.222.144.50,80,false,SIN,Asia Pacific,Singapore,216 ms,6121 kB/s
47.236.75.113,80,false,SIN,Asia Pacific,Singapore,209 ms,6119 kB/s
8.218.174.118,2095,false,HKG,Asia Pacific,Hong Kong,59 ms,6108 kB/s
47.242.174.27,8080,false,HKG,Asia Pacific,Hong Kong,58 ms,6106 kB/s
47.236.171.205,2082,false,SIN,Asia Pacific,Singapore,225 ms,6098 kB/s
47.236.169.141,2052,false,SIN,Asia Pacific,Singapore,240 ms,6097 kB/s
47.236.180.51,2052,false,SIN,Asia Pacific,Singapore,246 ms,6096 kB/s
8.219.194.170,2086,false,SIN,Asia Pacific,Singapore,249 ms,6093 kB/s
8.222.184.198,2086,false,SIN,Asia Pacific,Singapore,219 ms,6088 kB/s
8.219.6.150,8880,false,SIN,Asia Pacific,Singapore,238 ms,6078 kB/s
47.243.27.217,2082,false,HKG,Asia Pacific,Hong Kong,64 ms,6076 kB/s
8.219.240.160,80,false,SIN,Asia Pacific,Singapore,242 ms,6074 kB/s
47.236.169.141,80,false,SIN,Asia Pacific,Singapore,242 ms,6071 kB/s
47.237.0.31,8880,false,SIN,Asia Pacific,Singapore,245 ms,6071 kB/s
47.236.172.71,2086,false,SIN,Asia Pacific,Singapore,227 ms,6070 kB/s
8.219.83.71,8880,false,SIN,Asia Pacific,Singapore,218 ms,6069 kB/s
8.219.117.198,2082,false,SIN,Asia Pacific,Singapore,239 ms,6067 kB/s
47.236.189.92,2052,false,SIN,Asia Pacific,Singapore,211 ms,6064 kB/s
8.210.101.157,8880,false,HKG,Asia Pacific,Hong Kong,63 ms,6057 kB/s
47.237.0.31,2095,false,SIN,Asia Pacific,Singapore,230 ms,6051 kB/s
47.237.81.112,2052,false,SIN,Asia Pacific,Singapore,219 ms,6048 kB/s
47.236.172.71,2095,false,SIN,Asia Pacific,Singapore,238 ms,6046 kB/s
47.236.253.41,2086,false,SIN,Asia Pacific,Singapore,213 ms,6038 kB/s
47.236.10.182,8080,false,SIN,Asia Pacific,Singapore,241 ms,6037 kB/s
47.236.17.193,8080,false,SIN,Asia Pacific,Singapore,222 ms,6035 kB/s
8.219.161.129,2086,false,SIN,Asia Pacific,Singapore,214 ms,6028 kB/s
8.222.191.138,8880,false,SIN,Asia Pacific,Singapore,212 ms,6023 kB/s
47.236.5.223,2095,false,SIN,Asia Pacific,Singapore,243 ms,6023 kB/s
47.236.149.107,80,false,SIN,Asia Pacific,Singapore,230 ms,6020 kB/s
47.237.83.20,8880,false,SIN,Asia Pacific,Singapore,238 ms,6020 kB/s
8.217.250.222,2095,false,HKG,Asia Pacific,Hong Kong,62 ms,6018 kB/s
47.236.83.239,8080,false,SIN,Asia Pacific,Singapore,231 ms,6007 kB/s
47.242.176.237,2052,false,HKG,Asia Pacific,Hong Kong,59 ms,6007 kB/s
8.219.139.13,2095,false,SIN,Asia Pacific,Singapore,238 ms,6005 kB/s
8.222.180.86,8080,false,SIN,Asia Pacific,Singapore,220 ms,6001 kB/s
47.236.169.141,2086,false,SIN,Asia Pacific,Singapore,221 ms,5998 kB/s
47.236.172.95,80,false,SIN,Asia Pacific,Singapore,239 ms,5998 kB/s
8.219.200.145,2086,false,SIN,Asia Pacific,Singapore,210 ms,5997 kB/s
8.222.187.4,2095,false,SIN,Asia Pacific,Singapore,220 ms,5997 kB/s
8.219.117.198,8880,false,SIN,Asia Pacific,Singapore,215 ms,5991 kB/s
8.219.110.81,2095,false,SIN,Asia Pacific,Singapore,226 ms,5986 kB/s
8.219.78.188,2086,false,SIN,Asia Pacific,Singapore,218 ms,5983 kB/s
8.210.3.24,2082,false,HKG,Asia Pacific,Hong Kong,62 ms,5981 kB/s
47.236.117.48,2095,false,SIN,Asia Pacific,Singapore,226 ms,5974 kB/s
47.237.0.31,2082,false,SIN,Asia Pacific,Singapore,224 ms,5960 kB/s
47.236.10.100,2082,false,SIN,Asia Pacific,Singapore,222 ms,5954 kB/s
8.219.124.227,80,false,SIN,Asia Pacific,Singapore,216 ms,5951 kB/s
47.236.10.182,2082,false,SIN,Asia Pacific,Singapore,215 ms,5939 kB/s
8.222.179.231,8880,false,SIN,Asia Pacific,Singapore,219 ms,5936 kB/s
8.222.183.242,2095,false,SIN,Asia Pacific,Singapore,219 ms,5936 kB/s
8.222.184.198,2082,false,SIN,Asia Pacific,Singapore,214 ms,5935 kB/s
47.236.158.158,80,false,SIN,Asia Pacific,Singapore,234 ms,5925 kB/s
8.219.222.98,8080,false,SIN,Asia Pacific,Singapore,219 ms,5918 kB/s
8.219.114.201,80,false,SIN,Asia Pacific,Singapore,232 ms,5914 kB/s
8.222.181.117,2086,false,SIN,Asia Pacific,Singapore,234 ms,5913 kB/s
8.219.104.37,2086,false,SIN,Asia Pacific,Singapore,208 ms,5912 kB/s
47.243.139.85,2052,false,HKG,Asia Pacific,Hong Kong,57 ms,5911 kB/s
47.236.164.215,2082,false,SIN,Asia Pacific,Singapore,238 ms,5908 kB/s
47.237.92.26,2082,false,SIN,Asia Pacific,Singapore,241 ms,5902 kB/s
8.219.191.40,2095,false,SIN,Asia Pacific,Singapore,222 ms,5899 kB/s
8.219.93.5,2095,false,SIN,Asia Pacific,Singapore,218 ms,5898 kB/s
47.236.145.85,8880,false,SIN,Asia Pacific,Singapore,241 ms,5897 kB/s
47.236.171.205,8880,false,SIN,Asia Pacific,Singapore,245 ms,5892 kB/s
8.218.211.17,8080,false,HKG,Asia Pacific,Hong Kong,61 ms,5888 kB/s
8.219.198.139,8880,false,SIN,Asia Pacific,Singapore,240 ms,5887 kB/s
47.236.170.54,2086,false,SIN,Asia Pacific,Singapore,225 ms,5884 kB/s
8.222.183.242,8080,false,SIN,Asia Pacific,Singapore,239 ms,5882 kB/s
8.218.22.210,8080,false,HKG,Asia Pacific,Hong Kong,63 ms,5879 kB/s
47.242.79.71,8880,false,HKG,Asia Pacific,Hong Kong,65 ms,5874 kB/s
47.236.150.13,2095,false,SIN,Asia Pacific,Singapore,242 ms,5874 kB/s
8.222.191.138,8080,false,SIN,Asia Pacific,Singapore,254 ms,5872 kB/s
8.219.100.168,2095,false,SIN,Asia Pacific,Singapore,220 ms,5872 kB/s
8.222.167.147,2052,false,SIN,Asia Pacific,Singapore,236 ms,5870 kB/s
8.219.120.87,8880,false,SIN,Asia Pacific,Singapore,245 ms,5870 kB/s
8.219.198.139,8080,false,SIN,Asia Pacific,Singapore,240 ms,5869 kB/s
47.236.93.176,2095,false,SIN,Asia Pacific,Singapore,242 ms,5869 kB/s
47.236.5.223,8080,false,SIN,Asia Pacific,Singapore,214 ms,5869 kB/s
8.217.85.14,8880,false,HKG,Asia Pacific,Hong Kong,62 ms,5869 kB/s
8.218.181.189,80,false,HKG,Asia Pacific,Hong Kong,61 ms,5866 kB/s
8.219.174.142,80,false,SIN,Asia Pacific,Singapore,224 ms,5864 kB/s
47.236.253.41,2082,false,SIN,Asia Pacific,Singapore,221 ms,5860 kB/s
47.236.253.41,80,false,SIN,Asia Pacific,Singapore,233 ms,5857 kB/s
47.236.170.54,2095,false,SIN,Asia Pacific,Singapore,222 ms,5849 kB/s
8.219.100.168,8080,false,SIN,Asia Pacific,Singapore,224 ms,5845 kB/s
47.236.87.246,2095,false,SIN,Asia Pacific,Singapore,232 ms,5844 kB/s
47.237.84.173,8880,false,SIN,Asia Pacific,Singapore,221 ms,5841 kB/s
47.236.150.13,8880,false,SIN,Asia Pacific,Singapore,227 ms,5835 kB/s
8.222.146.222,8880,false,SIN,Asia Pacific,Singapore,215 ms,5831 kB/s
47.236.10.100,2086,false,SIN,Asia Pacific,Singapore,232 ms,5827 kB/s
8.222.134.170,2082,false,SIN,Asia Pacific,Singapore,217 ms,5826 kB/s
8.222.134.170,2052,false,SIN,Asia Pacific,Singapore,212 ms,5826 kB/s
47.243.169.63,2095,false,HKG,Asia Pacific,Hong Kong,62 ms,5825 kB/s
8.217.232.246,2082,false,HKG,Asia Pacific,Hong Kong,69 ms,5822 kB/s
47.236.172.95,2086,false,SIN,Asia Pacific,Singapore,220 ms,5819 kB/s
8.222.191.138,2082,false,SIN,Asia Pacific,Singapore,209 ms,5817 kB/s
8.219.142.191,2095,false,SIN,Asia Pacific,Singapore,236 ms,5807 kB/s
47.236.80.110,8880,false,SIN,Asia Pacific,Singapore,227 ms,5806 kB/s
8.219.99.169,8880,false,SIN,Asia Pacific,Singapore,212 ms,5804 kB/s
8.217.232.246,80,false,HKG,Asia Pacific,Hong Kong,70 ms,5799 kB/s
8.219.113.232,8080,false,SIN,Asia Pacific,Singapore,242 ms,5797 kB/s
47.236.145.85,2095,false,SIN,Asia Pacific,Singapore,234 ms,5794 kB/s
47.236.205.188,8880,false,SIN,Asia Pacific,Singapore,222 ms,5792 kB/s
47.236.189.92,8880,false,SIN,Asia Pacific,Singapore,246 ms,5791 kB/s
47.242.17.250,80,false,HKG,Asia Pacific,Hong Kong,63 ms,5790 kB/s
8.219.11.158,2086,false,SIN,Asia Pacific,Singapore,226 ms,5788 kB/s
47.236.150.13,8080,false,SIN,Asia Pacific,Singapore,231 ms,5787 kB/s
47.236.170.54,8080,false,SIN,Asia Pacific,Singapore,243 ms,5784 kB/s
8.219.199.220,2095,false,SIN,Asia Pacific,Singapore,226 ms,5784 kB/s
47.236.166.131,80,false,SIN,Asia Pacific,Singapore,228 ms,5781 kB/s
8.218.155.238,8080,false,HKG,Asia Pacific,Hong Kong,60 ms,5779 kB/s
8.219.229.190,8080,false,SIN,Asia Pacific,Singapore,225 ms,5778 kB/s
47.76.49.246,8080,false,HKG,Asia Pacific,Hong Kong,65 ms,5777 kB/s
47.236.253.41,2052,false,SIN,Asia Pacific,Singapore,209 ms,5773 kB/s
8.219.106.156,80,false,SIN,Asia Pacific,Singapore,219 ms,5767 kB/s
47.236.93.176,8080,false,SIN,Asia Pacific,Singapore,221 ms,5767 kB/s
8.218.146.204,80,false,HKG,Asia Pacific,Hong Kong,70 ms,5762 kB/s
8.222.134.170,8880,false,SIN,Asia Pacific,Singapore,216 ms,5759 kB/s
47.236.10.182,2086,false,SIN,Asia Pacific,Singapore,210 ms,5752 kB/s
47.236.80.110,80,false,SIN,Asia Pacific,Singapore,225 ms,5752 kB/s
8.219.240.160,2086,false,SIN,Asia Pacific,Singapore,249 ms,5749 kB/s
8.219.124.227,2095,false,SIN,Asia Pacific,Singapore,211 ms,5748 kB/s
8.217.85.14,8080,false,HKG,Asia Pacific,Hong Kong,69 ms,5741 kB/s
8.219.139.13,2086,false,SIN,Asia Pacific,Singapore,213 ms,5741 kB/s
8.222.160.176,8880,false,SIN,Asia Pacific,Singapore,236 ms,5735 kB/s
8.219.202.130,2095,false,SIN,Asia Pacific,Singapore,219 ms,5732 kB/s
8.222.179.231,2086,false,SIN,Asia Pacific,Singapore,234 ms,5731 kB/s
47.76.204.76,8880,false,HKG,Asia Pacific,Hong Kong,59 ms,5728 kB/s
8.222.164.209,2095,false,SIN,Asia Pacific,Singapore,222 ms,5728 kB/s
47.237.95.156,8080,false,SIN,Asia Pacific,Singapore,206 ms,5728 kB/s
8.222.183.242,2086,false,SIN,Asia Pacific,Singapore,212 ms,5728 kB/s
47.237.92.26,2052,false,SIN,Asia Pacific,Singapore,216 ms,5718 kB/s
47.237.83.20,2086,false,SIN,Asia Pacific,Singapore,240 ms,5716 kB/s
8.218.2.181,8080,false,HKG,Asia Pacific,Hong Kong,56 ms,5715 kB/s
47.245.86.230,8080,false,SIN,Asia Pacific,Singapore,259 ms,5713 kB/s
8.222.136.247,2095,false,SIN,Asia Pacific,Singapore,228 ms,5712 kB/s
8.219.113.232,2095,false,SIN,Asia Pacific,Singapore,214 ms,5712 kB/s
47.236.237.90,2052,false,SIN,Asia Pacific,Singapore,226 ms,5708 kB/s
47.236.172.95,2052,false,SIN,Asia Pacific,Singapore,241 ms,5703 kB/s
47.76.159.146,8880,false,HKG,Asia Pacific,Hong Kong,53 ms,5701 kB/s
8.219.222.98,8880,false,SIN,Asia Pacific,Singapore,221 ms,5694 kB/s
47.237.86.185,2086,false,SIN,Asia Pacific,Singapore,219 ms,5694 kB/s
8.210.192.93,8080,false,HKG,Asia Pacific,Hong Kong,57 ms,5686 kB/s
47.236.145.85,8080,false,SIN,Asia Pacific,Singapore,227 ms,5678 kB/s
47.236.174.206,80,false,SIN,Asia Pacific,Singapore,226 ms,5673 kB/s
8.217.239.116,8880,false,HKG,Asia Pacific,Hong Kong,57 ms,5672 kB/s
8.222.191.138,80,false,SIN,Asia Pacific,Singapore,247 ms,5669 kB/s
8.222.215.228,2086,false,SIN,Asia Pacific,Singapore,241 ms,5668 kB/s
47.236.87.246,8080,false,SIN,Asia Pacific,Singapore,242 ms,5664 kB/s
8.219.209.14,2082,false,SIN,Asia Pacific,Singapore,220 ms,5662 kB/s
8.219.174.142,2082,false,SIN,Asia Pacific,Singapore,210 ms,5661 kB/s
47.236.5.223,2052,false,SIN,Asia Pacific,Singapore,227 ms,5659 kB/s
47.236.83.239,2052,false,SIN,Asia Pacific,Singapore,225 ms,5653 kB/s
47.238.6.102,8080,false,HKG,Asia Pacific,Hong Kong,56 ms,5648 kB/s
47.236.83.239,80,false,SIN,Asia Pacific,Singapore,219 ms,5648 kB/s
8.217.145.40,8080,false,HKG,Asia Pacific,Hong Kong,57 ms,5647 kB/s
47.236.5.223,2086,false,SIN,Asia Pacific,Singapore,217 ms,5644 kB/s
8.219.120.87,80,false,SIN,Asia Pacific,Singapore,225 ms,5643 kB/s
8.210.34.188,8880,false,HKG,Asia Pacific,Hong Kong,64 ms,5640 kB/s
47.236.83.239,2086,false,SIN,Asia Pacific,Singapore,222 ms,5640 kB/s
47.236.180.51,2086,false,SIN,Asia Pacific,Singapore,221 ms,5633 kB/s
8.219.1.92,80,false,SIN,Asia Pacific,Singapore,216 ms,5629 kB/s
8.219.0.48,8880,false,SIN,Asia Pacific,Singapore,217 ms,5621 kB/s
47.243.206.150,2082,false,HKG,Asia Pacific,Hong Kong,70 ms,5614 kB/s
47.236.167.231,2086,false,SIN,Asia Pacific,Singapore,218 ms,5609 kB/s
8.219.177.205,80,false,SIN,Asia Pacific,Singapore,222 ms,5606 kB/s
47.236.117.48,2052,false,SIN,Asia Pacific,Singapore,232 ms,5605 kB/s
47.237.83.20,2082,false,SIN,Asia Pacific,Singapore,243 ms,5605 kB/s
8.219.1.92,2052,false,SIN,Asia Pacific,Singapore,223 ms,5605 kB/s
8.222.191.138,2095,false,SIN,Asia Pacific,Singapore,222 ms,5599 kB/s
8.219.120.87,2095,false,SIN,Asia Pacific,Singapore,215 ms,5592 kB/s
8.219.174.213,8880,false,SIN,Asia Pacific,Singapore,220 ms,5582 kB/s
8.222.208.38,2082,false,SIN,Asia Pacific,Singapore,217 ms,5582 kB/s
47.237.95.13,2086,false,SIN,Asia Pacific,Singapore,222 ms,5582 kB/s
47.236.118.216,8880,false,SIN,Asia Pacific,Singapore,234 ms,5577 kB/s
8.219.0.162,2082,false,SIN,Asia Pacific,Singapore,223 ms,5574 kB/s
8.218.11.90,2086,false,HKG,Asia Pacific,Hong Kong,62 ms,5573 kB/s
47.236.166.131,2095,false,SIN,Asia Pacific,Singapore,219 ms,5566 kB/s
8.222.249.190,8880,false,SIN,Asia Pacific,Singapore,237 ms,5565 kB/s
8.222.237.131,2052,false,SIN,Asia Pacific,Singapore,222 ms,5565 kB/s
8.219.40.37,2086,false,SIN,Asia Pacific,Singapore,227 ms,5561 kB/s
8.219.98.13,2095,false,SIN,Asia Pacific,Singapore,220 ms,5559 kB/s
8.219.202.130,8080,false,SIN,Asia Pacific,Singapore,238 ms,5556 kB/s
47.236.9.152,2082,false,SIN,Asia Pacific,Singapore,230 ms,5554 kB/s
47.237.10.1,80,false,SIN,Asia Pacific,Singapore,214 ms,5551 kB/s
8.219.49.65,2095,false,SIN,Asia Pacific,Singapore,217 ms,5548 kB/s
8.219.110.81,8080,false,SIN,Asia Pacific,Singapore,224 ms,5545 kB/s
8.219.240.160,2095,false,SIN,Asia Pacific,Singapore,223 ms,5537 kB/s
8.219.50.180,2082,false,SIN,Asia Pacific,Singapore,230 ms,5520 kB/s
8.219.51.211,80,false,SIN,Asia Pacific,Singapore,218 ms,5518 kB/s
47.236.118.216,2082,false,SIN,Asia Pacific,Singapore,224 ms,5517 kB/s
47.243.60.150,8880,false,HKG,Asia Pacific,Hong Kong,57 ms,5517 kB/s
8.219.51.211,2095,false,SIN,Asia Pacific,Singapore,210 ms,5516 kB/s
8.219.0.162,8880,false,SIN,Asia Pacific,Singapore,206 ms,5508 kB/s
8.218.211.17,80,false,HKG,Asia Pacific,Hong Kong,61 ms,5505 kB/s
47.236.237.90,8080,false,SIN,Asia Pacific,Singapore,212 ms,5500 kB/s
8.219.209.14,8080,false,SIN,Asia Pacific,Singapore,242 ms,5499 kB/s
47.236.165.25,80,false,SIN,Asia Pacific,Singapore,213 ms,5495 kB/s
8.219.0.48,2095,false,SIN,Asia Pacific,Singapore,217 ms,5492 kB/s
47.237.81.112,8080,false,SIN,Asia Pacific,Singapore,216 ms,5488 kB/s
8.219.49.65,8880,false,SIN,Asia Pacific,Singapore,240 ms,5484 kB/s
8.219.78.1,2086,false,SIN,Asia Pacific,Singapore,247 ms,5483 kB/s
47.242.79.71,2082,false,HKG,Asia Pacific,Hong Kong,61 ms,5482 kB/s
8.210.156.6,2082,false,HKG,Asia Pacific,Hong Kong,55 ms,5480 kB/s
8.219.78.188,80,false,SIN,Asia Pacific,Singapore,213 ms,5469 kB/s
8.219.6.150,2086,false,SIN,Asia Pacific,Singapore,247 ms,5468 kB/s
8.217.193.25,8880,false,HKG,Asia Pacific,Hong Kong,64 ms,5466 kB/s
8.219.210.57,8880,false,SIN,Asia Pacific,Singapore,221 ms,5461 kB/s
47.236.166.131,2052,false,SIN,Asia Pacific,Singapore,243 ms,5459 kB/s
47.236.121.23,8080,false,SIN,Asia Pacific,Singapore,226 ms,5456 kB/s
47.236.10.182,2095,false,SIN,Asia Pacific,Singapore,230 ms,5456 kB/s
8.222.193.65,8080,false,SIN,Asia Pacific,Singapore,216 ms,5452 kB/s
47.237.100.206,8080,false,SIN,Asia Pacific,Singapore,236 ms,5448 kB/s
8.222.164.209,8880,false,SIN,Asia Pacific,Singapore,243 ms,5447 kB/s
8.222.179.231,2082,false,SIN,Asia Pacific,Singapore,239 ms,5445 kB/s
8.219.77.222,2095,false,SIN,Asia Pacific,Singapore,238 ms,5445 kB/s
8.222.165.117,80,false,SIN,Asia Pacific,Singapore,213 ms,5443 kB/s
8.219.104.37,2095,false,SIN,Asia Pacific,Singapore,223 ms,5438 kB/s
8.219.132.64,2082,false,SIN,Asia Pacific,Singapore,215 ms,5436 kB/s
8.210.156.6,8080,false,HKG,Asia Pacific,Hong Kong,65 ms,5435 kB/s
8.222.184.198,80,false,SIN,Asia Pacific,Singapore,242 ms,5435 kB/s
47.236.75.113,2095,false,SIN,Asia Pacific,Singapore,214 ms,5435 kB/s
8.210.192.93,8880,false,HKG,Asia Pacific,Hong Kong,63 ms,5431 kB/s
8.219.100.168,2052,false,SIN,Asia Pacific,Singapore,243 ms,5428 kB/s
8.219.174.142,8080,false,SIN,Asia Pacific,Singapore,211 ms,5426 kB/s
47.237.94.140,2095,false,SIN,Asia Pacific,Singapore,240 ms,5423 kB/s
8.219.51.211,2086,false,SIN,Asia Pacific,Singapore,230 ms,5423 kB/s
8.222.164.209,2052,false,SIN,Asia Pacific,Singapore,220 ms,5419 kB/s
8.222.134.170,2095,false,SIN,Asia Pacific,Singapore,224 ms,5411 kB/s
47.236.253.41,8080,false,SIN,Asia Pacific,Singapore,215 ms,5406 kB/s
8.218.243.95,2086,false,HKG,Asia Pacific,Hong Kong,67 ms,5403 kB/s
8.222.184.198,8080,false,SIN,Asia Pacific,Singapore,240 ms,5402 kB/s
8.219.220.88,2095,false,SIN,Asia Pacific,Singapore,216 ms,5401 kB/s
8.218.136.25,8080,false,HKG,Asia Pacific,Hong Kong,66 ms,5399 kB/s
8.219.124.227,2082,false,SIN,Asia Pacific,Singapore,215 ms,5399 kB/s
47.236.9.152,8080,false,SIN,Asia Pacific,Singapore,240 ms,5392 kB/s
8.222.162.45,8880,false,SIN,Asia Pacific,Singapore,234 ms,5391 kB/s
8.219.198.139,2086,false,SIN,Asia Pacific,Singapore,222 ms,5389 kB/s
47.76.204.76,8080,false,HKG,Asia Pacific,Hong Kong,61 ms,5388 kB/s
47.236.180.51,2082,false,SIN,Asia Pacific,Singapore,232 ms,5386 kB/s
8.222.237.131,2086,false,SIN,Asia Pacific,Singapore,211 ms,5383 kB/s
8.218.204.128,2095,false,HKG,Asia Pacific,Hong Kong,67 ms,5381 kB/s
47.236.205.188,2082,false,SIN,Asia Pacific,Singapore,222 ms,5379 kB/s
47.243.203.119,2052,false,HKG,Asia Pacific,Hong Kong,65 ms,5378 kB/s
47.242.174.27,80,false,HKG,Asia Pacific,Hong Kong,59 ms,5375 kB/s
47.236.144.156,2082,false,SIN,Asia Pacific,Singapore,235 ms,5371 kB/s
8.219.209.14,2095,false,SIN,Asia Pacific,Singapore,227 ms,5368 kB/s
47.236.5.223,8880,false,SIN,Asia Pacific,Singapore,217 ms,5368 kB/s
47.236.144.156,2086,false,SIN,Asia Pacific,Singapore,213 ms,5367 kB/s
8.218.52.115,80,false,HKG,Asia Pacific,Hong Kong,59 ms,5364 kB/s
8.222.179.231,2095,false,SIN,Asia Pacific,Singapore,228 ms,5363 kB/s
47.242.171.94,8080,false,HKG,Asia Pacific,Hong Kong,63 ms,5363 kB/s
8.219.99.169,2082,false,SIN,Asia Pacific,Singapore,215 ms,5359 kB/s
8.217.250.5,8080,false,HKG,Asia Pacific,Hong Kong,56 ms,5358 kB/s
8.222.183.242,80,false,SIN,Asia Pacific,Singapore,220 ms,5357 kB/s
47.237.10.1,2052,false,SIN,Asia Pacific,Singapore,217 ms,5357 kB/s
8.222.183.242,2082,false,SIN,Asia Pacific,Singapore,239 ms,5356 kB/s
8.222.146.222,2082,false,SIN,Asia Pacific,Singapore,226 ms,5354 kB/s
47.236.189.92,8080,false,SIN,Asia Pacific,Singapore,222 ms,5344 kB/s
8.219.104.37,80,false,SIN,Asia Pacific,Singapore,212 ms,5342 kB/s
47.236.102.102,2095,false,SIN,Asia Pacific,Singapore,229 ms,5342 kB/s
8.219.77.222,80,false,SIN,Asia Pacific,Singapore,213 ms,5339 kB/s
47.236.172.71,80,false,SIN,Asia Pacific,Singapore,216 ms,5338 kB/s
8.219.1.92,2095,false,SIN,Asia Pacific,Singapore,214 ms,5331 kB/s
8.219.60.54,80,false,SIN,Asia Pacific,Singapore,211 ms,5330 kB/s
8.222.244.192,80,false,SIN,Asia Pacific,Singapore,223 ms,5325 kB/s
8.219.210.57,8080,false,SIN,Asia Pacific,Singapore,217 ms,5324 kB/s
47.76.94.15,2086,false,HKG,Asia Pacific,Hong Kong,59 ms,5322 kB/s
47.236.168.17,2082,false,SIN,Asia Pacific,Singapore,215 ms,5322 kB/s
8.218.3.12,8880,false,HKG,Asia Pacific,Hong Kong,62 ms,5321 kB/s
47.243.173.187,2082,false,HKG,Asia Pacific,Hong Kong,56 ms,5321 kB/s
47.236.9.152,2052,false,SIN,Asia Pacific,Singapore,246 ms,5319 kB/s
47.236.171.205,2086,false,SIN,Asia Pacific,Singapore,216 ms,5316 kB/s
47.237.84.173,2095,false,SIN,Asia Pacific,Singapore,216 ms,5315 kB/s
8.222.181.117,2082,false,SIN,Asia Pacific,Singapore,244 ms,5312 kB/s
8.210.34.188,80,false,HKG,Asia Pacific,Hong Kong,63 ms,5309 kB/s
47.237.100.206,2095,false,SIN,Asia Pacific,Singapore,214 ms,5308 kB/s
47.237.86.185,80,false,SIN,Asia Pacific,Singapore,239 ms,5308 kB/s
47.236.237.90,80,false,SIN,Asia Pacific,Singapore,235 ms,5304 kB/s
47.236.158.158,2086,false,SIN,Asia Pacific,Singapore,225 ms,5301 kB/s
8.222.215.228,8080,false,SIN,Asia Pacific,Singapore,217 ms,5301 kB/s
8.218.8.142,80,false,HKG,Asia Pacific,Hong Kong,54 ms,5299 kB/s
8.219.174.213,80,false,SIN,Asia Pacific,Singapore,228 ms,5295 kB/s
8.222.180.86,2086,false,SIN,Asia Pacific,Singapore,234 ms,5293 kB/s
8.222.215.228,80,false,SIN,Asia Pacific,Singapore,211 ms,5291 kB/s
47.236.144.208,8080,false,SIN,Asia Pacific,Singapore,211 ms,5290 kB/s
47.236.117.48,2086,false,SIN,Asia Pacific,Singapore,231 ms,5289 kB/s
47.236.170.54,80,false,SIN,Asia Pacific,Singapore,245 ms,5285 kB/s
8.222.136.247,8880,false,SIN,Asia Pacific,Singapore,220 ms,5279 kB/s
47.236.102.102,80,false,SIN,Asia Pacific,Singapore,224 ms,5278 kB/s
8.219.100.168,2086,false,SIN,Asia Pacific,Singapore,210 ms,5278 kB/s
8.222.208.38,2052,false,SIN,Asia Pacific,Singapore,232 ms,5274 kB/s
8.210.207.214,80,false,HKG,Asia Pacific,Hong Kong,60 ms,5273 kB/s
47.236.149.107,2082,false,SIN,Asia Pacific,Singapore,220 ms,5264 kB/s
47.237.94.140,80,false,SIN,Asia Pacific,Singapore,223 ms,5260 kB/s
8.219.111.175,8880,false,SIN,Asia Pacific,Singapore,238 ms,5258 kB/s
8.219.229.190,8880,false,SIN,Asia Pacific,Singapore,218 ms,5253 kB/s
47.236.165.25,8880,false,SIN,Asia Pacific,Singapore,213 ms,5251 kB/s
8.222.249.190,2095,false,SIN,Asia Pacific,Singapore,234 ms,5250 kB/s
8.219.210.64,8880,false,SIN,Asia Pacific,Singapore,216 ms,5250 kB/s
8.218.22.210,2082,false,HKG,Asia Pacific,Hong Kong,53 ms,5250 kB/s
8.219.177.205,8880,false,SIN,Asia Pacific,Singapore,228 ms,5245 kB/s
47.237.95.140,8080,false,SIN,Asia Pacific,Singapore,227 ms,5243 kB/s
47.245.118.70,80,false,SIN,Asia Pacific,Singapore,226 ms,5243 kB/s
8.219.163.195,8880,false,SIN,Asia Pacific,Singapore,221 ms,5241 kB/s
8.222.165.117,2095,false,SIN,Asia Pacific,Singapore,220 ms,5240 kB/s
8.219.222.98,2082,false,SIN,Asia Pacific,Singapore,216 ms,5238 kB/s
8.219.161.129,8080,false,SIN,Asia Pacific,Singapore,215 ms,5237 kB/s
8.218.126.53,8080,false,HKG,Asia Pacific,Hong Kong,65 ms,5225 kB/s
47.236.117.48,8880,false,SIN,Asia Pacific,Singapore,223 ms,5212 kB/s
47.236.189.92,2095,false,SIN,Asia Pacific,Singapore,224 ms,5210 kB/s
47.236.205.188,80,false,SIN,Asia Pacific,Singapore,241 ms,5209 kB/s
47.237.81.112,8880,false,SIN,Asia Pacific,Singapore,212 ms,5208 kB/s
47.236.202.91,8880,false,SIN,Asia Pacific,Singapore,229 ms,5202 kB/s
47.236.169.15,2082,false,SIN,Asia Pacific,Singapore,214 ms,5195 kB/s
47.236.121.23,2052,false,SIN,Asia Pacific,Singapore,242 ms,5194 kB/s
47.237.100.206,2086,false,SIN,Asia Pacific,Singapore,224 ms,5186 kB/s
47.237.95.140,8880,false,SIN,Asia Pacific,Singapore,230 ms,5184 kB/s
47.236.170.54,2082,false,SIN,Asia Pacific,Singapore,210 ms,5183 kB/s
8.222.237.131,2095,false,SIN,Asia Pacific,Singapore,248 ms,5182 kB/s
8.219.83.71,8080,false,SIN,Asia Pacific,Singapore,228 ms,5178 kB/s
8.222.208.38,2086,false,SIN,Asia Pacific,Singapore,209 ms,5178 kB/s
8.218.52.115,8080,false,HKG,Asia Pacific,Hong Kong,56 ms,5177 kB/s
47.236.237.90,2095,false,SIN,Asia Pacific,Singapore,224 ms,5176 kB/s
8.219.189.143,80,false,SIN,Asia Pacific,Singapore,234 ms,5175 kB/s
8.210.66.190,2095,false,HKG,Asia Pacific,Hong Kong,57 ms,5170 kB/s
8.222.150.197,8880,false,SIN,Asia Pacific,Singapore,225 ms,5167 kB/s
47.236.117.48,2082,false,SIN,Asia Pacific,Singapore,228 ms,5167 kB/s
8.219.229.190,2086,false,SIN,Asia Pacific,Singapore,238 ms,5167 kB/s
47.236.202.91,2095,false,SIN,Asia Pacific,Singapore,214 ms,5163 kB/s
8.219.97.50,80,false,SIN,Asia Pacific,Singapore,217 ms,5163 kB/s
47.237.86.185,2082,false,SIN,Asia Pacific,Singapore,222 ms,5162 kB/s
47.237.100.206,2082,false,SIN,Asia Pacific,Singapore,210 ms,5162 kB/s
47.236.202.91,2052,false,SIN,Asia Pacific,Singapore,211 ms,5161 kB/s
8.219.191.40,2086,false,SIN,Asia Pacific,Singapore,239 ms,5160 kB/s
8.219.77.222,2082,false,SIN,Asia Pacific,Singapore,214 ms,5154 kB/s
47.237.14.220,80,false,SIN,Asia Pacific,Singapore,249 ms,5153 kB/s
8.219.98.13,8080,false,SIN,Asia Pacific,Singapore,219 ms,5147 kB/s
8.210.3.24,80,false,HKG,Asia Pacific,Hong Kong,61 ms,5145 kB/s
47.237.10.1,8880,false,SIN,Asia Pacific,Singapore,235 ms,5145 kB/s
8.219.97.50,2082,false,SIN,Asia Pacific,Singapore,247 ms,5145 kB/s
47.76.37.57,8080,false,HKG,Asia Pacific,Hong Kong,57 ms,5143 kB/s
47.236.93.176,2052,false,SIN,Asia Pacific,Singapore,224 ms,5142 kB/s
47.237.14.220,2082,false,SIN,Asia Pacific,Singapore,217 ms,5141 kB/s
47.237.95.146,2052,false,SIN,Asia Pacific,Singapore,234 ms,5140 kB/s
47.236.254.120,8880,false,SIN,Asia Pacific,Singapore,220 ms,5140 kB/s
8.219.126.240,2082,false,SIN,Asia Pacific,Singapore,244 ms,5138 kB/s
8.222.249.190,80,false,SIN,Asia Pacific,Singapore,239 ms,5137 kB/s
47.245.126.151,80,false,SIN,Asia Pacific,Singapore,235 ms,5137 kB/s
47.237.95.146,80,false,SIN,Asia Pacific,Singapore,213 ms,5135 kB/s
8.219.11.158,80,false,SIN,Asia Pacific,Singapore,224 ms,5135 kB/s
8.217.145.40,2095,false,HKG,Asia Pacific,Hong Kong,63 ms,5134 kB/s
47.236.253.41,2095,false,SIN,Asia Pacific,Singapore,217 ms,5133 kB/s
47.236.169.15,8880,false,SIN,Asia Pacific,Singapore,218 ms,5123 kB/s
47.237.94.140,2086,false,SIN,Asia Pacific,Singapore,218 ms,5120 kB/s
47.236.254.120,8080,false,SIN,Asia Pacific,Singapore,217 ms,5119 kB/s
47.236.169.164,2052,false,SIN,Asia Pacific,Singapore,226 ms,5116 kB/s
47.236.10.100,2052,false,SIN,Asia Pacific,Singapore,212 ms,5115 kB/s
8.218.222.36,8880,false,HKG,Asia Pacific,Hong Kong,60 ms,5113 kB/s
47.237.11.182,8880,false,SIN,Asia Pacific,Singapore,219 ms,5109 kB/s
47.236.165.25,2086,false,SIN,Asia Pacific,Singapore,219 ms,5107 kB/s
47.237.95.146,2095,false,SIN,Asia Pacific,Singapore,219 ms,5100 kB/s
8.222.181.117,80,false,SIN,Asia Pacific,Singapore,213 ms,5096 kB/s
47.236.145.85,2082,false,SIN,Asia Pacific,Singapore,217 ms,5093 kB/s
8.219.42.72,8880,false,SIN,Asia Pacific,Singapore,225 ms,5091 kB/s
47.236.144.196,2095,false,SIN,Asia Pacific,Singapore,217 ms,5089 kB/s
47.236.144.196,2052,false,SIN,Asia Pacific,Singapore,223 ms,5085 kB/s
47.237.81.112,80,false,SIN,Asia Pacific,Singapore,235 ms,5083 kB/s
8.219.42.72,2052,false,SIN,Asia Pacific,Singapore,219 ms,5083 kB/s
47.242.202.230,80,false,HKG,Asia Pacific,Hong Kong,58 ms,5082 kB/s
8.219.113.232,80,false,SIN,Asia Pacific,Singapore,219 ms,5081 kB/s
47.245.105.224,8080,false,SIN,Asia Pacific,Singapore,238 ms,5075 kB/s
47.242.202.230,2095,false,HKG,Asia Pacific,Hong Kong,61 ms,5074 kB/s
8.222.164.209,8080,false,SIN,Asia Pacific,Singapore,214 ms,5074 kB/s
8.222.156.242,8080,false,SIN,Asia Pacific,Singapore,223 ms,5074 kB/s
8.219.220.88,80,false,SIN,Asia Pacific,Singapore,215 ms,5072 kB/s
8.217.121.207,8880,false,HKG,Asia Pacific,Hong Kong,57 ms,5067 kB/s
47.76.77.103,8080,false,HKG,Asia Pacific,Hong Kong,67 ms,5063 kB/s
47.236.102.102,2052,false,SIN,Asia Pacific,Singapore,237 ms,5061 kB/s
47.236.169.15,2086,false,SIN,Asia Pacific,Singapore,245 ms,5061 kB/s
8.218.201.73,8080,false,HKG,Asia Pacific,Hong Kong,62 ms,5060 kB/s
47.242.59.216,8880,false,HKG,Asia Pacific,Hong Kong,66 ms,5057 kB/s
8.219.110.81,8880,false,SIN,Asia Pacific,Singapore,238 ms,5055 kB/s
8.219.177.205,8080,false,SIN,Asia Pacific,Singapore,222 ms,5052 kB/s
8.219.210.57,80,false,SIN,Asia Pacific,Singapore,240 ms,5049 kB/s
8.222.181.117,8880,false,SIN,Asia Pacific,Singapore,232 ms,5047 kB/s
47.237.8.82,8880,false,SIN,Asia Pacific,Singapore,223 ms,5044 kB/s
47.243.139.85,8080,false,HKG,Asia Pacific,Hong Kong,56 ms,5038 kB/s
8.217.121.207,80,false,HKG,Asia Pacific,Hong Kong,62 ms,5036 kB/s
47.242.79.71,80,false,HKG,Asia Pacific,Hong Kong,64 ms,5034 kB/s
47.236.169.15,2095,false,SIN,Asia Pacific,Singapore,242 ms,5032 kB/s
47.242.234.127,8080,false,HKG,Asia Pacific,Hong Kong,62 ms,5031 kB/s
8.219.111.175,8080,false,SIN,Asia Pacific,Singapore,217 ms,5029 kB/s
8.219.77.222,2086,false,SIN,Asia Pacific,Singapore,216 ms,5028 kB/s
47.237.11.182,2095,false,SIN,Asia Pacific,Singapore,209 ms,5027 kB/s
47.236.75.113,8880,false,SIN,Asia Pacific,Singapore,215 ms,5027 kB/s
47.237.95.156,2052,false,SIN,Asia Pacific,Singapore,215 ms,5026 kB/s
8.219.50.180,2086,false,SIN,Asia Pacific,Singapore,235 ms,5024 kB/s
47.242.202.230,8880,false,HKG,Asia Pacific,Hong Kong,58 ms,5023 kB/s
47.237.94.140,8880,false,SIN,Asia Pacific,Singapore,239 ms,5021 kB/s
8.219.120.87,2082,false,SIN,Asia Pacific,Singapore,241 ms,5019 kB/s
8.219.67.133,8080,false,SIN,Asia Pacific,Singapore,224 ms,5018 kB/s
8.222.184.198,2095,false,SIN,Asia Pacific,Singapore,231 ms,5012 kB/s
8.222.167.147,2095,false,SIN,Asia Pacific,Singapore,221 ms,5012 kB/s
47.236.121.23,2086,false,SIN,Asia Pacific,Singapore,241 ms,5010 kB/s
8.222.146.222,8080,false,SIN,Asia Pacific,Singapore,214 ms,5008 kB/s
47.236.172.95,8880,false,SIN,Asia Pacific,Singapore,244 ms,5006 kB/s
47.236.237.90,8880,false,SIN,Asia Pacific,Singapore,209 ms,5003 kB/s
47.236.118.216,2086,false,SIN,Asia Pacific,Singapore,221 ms,4999 kB/s
47.242.79.71,8080,false,HKG,Asia Pacific,Hong Kong,55 ms,4998 kB/s
8.219.67.133,80,false,SIN,Asia Pacific,Singapore,242 ms,4995 kB/s
47.236.75.113,2052,false,SIN,Asia Pacific,Singapore,229 ms,4990 kB/s
8.219.99.169,80,false,SIN,Asia Pacific,Singapore,217 ms,4989 kB/s
8.219.93.5,80,false,SIN,Asia Pacific,Singapore,222 ms,4989 kB/s
47.237.84.173,2052,false,SIN,Asia Pacific,Singapore,237 ms,4986 kB/s
47.236.118.216,2052,false,SIN,Asia Pacific,Singapore,215 ms,4983 kB/s
8.219.60.54,2086,false,SIN,Asia Pacific,Singapore,213 ms,4983 kB/s
47.242.176.237,8080,false,HKG,Asia Pacific,Hong Kong,61 ms,4983 kB/s
47.236.17.193,2095,false,SIN,Asia Pacific,Singapore,229 ms,4982 kB/s
47.237.10.1,8080,false,SIN,Asia Pacific,Singapore,212 ms,4982 kB/s
8.219.67.133,2095,false,SIN,Asia Pacific,Singapore,226 ms,4977 kB/s
47.236.171.205,2052,false,SIN,Asia Pacific,Singapore,239 ms,4976 kB/s
47.237.82.15,2095,false,SIN,Asia Pacific,Singapore,211 ms,4973 kB/s
8.222.156.242,80,false,SIN,Asia Pacific,Singapore,233 ms,4971 kB/s
47.236.144.208,2095,false,SIN,Asia Pacific,Singapore,221 ms,4969 kB/s
47.242.59.216,2082,false,HKG,Asia Pacific,Hong Kong,59 ms,4969 kB/s
8.222.187.4,80,false,SIN,Asia Pacific,Singapore,240 ms,4967 kB/s
8.219.194.170,80,false,SIN,Asia Pacific,Singapore,222 ms,4966 kB/s
47.236.144.196,2086,false,SIN,Asia Pacific,Singapore,217 ms,4963 kB/s
47.236.254.120,2082,false,SIN,Asia Pacific,Singapore,232 ms,4963 kB/s
47.236.150.13,2082,false,SIN,Asia Pacific,Singapore,211 ms,4960 kB/s
8.222.165.117,8880,false,SIN,Asia Pacific,Singapore,219 ms,4960 kB/s
8.219.191.110,8880,false,SIN,Asia Pacific,Singapore,210 ms,4959 kB/s
8.219.220.88,2082,false,SIN,Asia Pacific,Singapore,211 ms,4959 kB/s
47.236.158.158,2095,false,SIN,Asia Pacific,Singapore,209 ms,4956 kB/s
47.236.146.249,2052,false,SIN,Asia Pacific,Singapore,216 ms,4952 kB/s
8.222.184.198,8880,false,SIN,Asia Pacific,Singapore,216 ms,4952 kB/s
8.222.215.228,2095,false,SIN,Asia Pacific,Singapore,226 ms,4947 kB/s
47.243.206.150,2095,false,HKG,Asia Pacific,Hong Kong,61 ms,4945 kB/s
8.219.240.160,2082,false,SIN,Asia Pacific,Singapore,252 ms,4945 kB/s
47.236.104.11,2082,false,SIN,Asia Pacific,Singapore,229 ms,4943 kB/s
47.236.180.51,2095,false,SIN,Asia Pacific,Singapore,248 ms,4920 kB/s
8.219.132.64,2052,false,SIN,Asia Pacific,Singapore,211 ms,4918 kB/s
47.236.254.120,80,false,SIN,Asia Pacific,Singapore,229 ms,4918 kB/s
8.219.83.71,2095,false,SIN,Asia Pacific,Singapore,234 ms,4917 kB/s
8.218.48.92,8080,false,HKG,Asia Pacific,Hong Kong,68 ms,4912 kB/s
8.219.248.47,2082,false,SIN,Asia Pacific,Singapore,228 ms,4906 kB/s
8.219.126.240,2095,false,SIN,Asia Pacific,Singapore,238 ms,4901 kB/s
8.219.107.135,80,false,SIN,Asia Pacific,Singapore,246 ms,4899 kB/s
8.218.53.110,8080,false,HKG,Asia Pacific,Hong Kong,60 ms,4893 kB/s
47.236.123.133,80,false,SIN,Asia Pacific,Singapore,228 ms,4888 kB/s
47.237.94.140,8080,false,SIN,Asia Pacific,Singapore,225 ms,4887 kB/s
47.236.150.13,80,false,SIN,Asia Pacific,Singapore,218 ms,4887 kB/s
47.236.254.120,2052,false,SIN,Asia Pacific,Singapore,236 ms,4885 kB/s
47.237.0.31,2086,false,SIN,Asia Pacific,Singapore,244 ms,4874 kB/s
8.219.201.245,2086,false,SIN,Asia Pacific,Singapore,226 ms,4869 kB/s
47.236.158.158,8880,false,SIN,Asia Pacific,Singapore,227 ms,4866 kB/s
47.237.86.185,8880,false,SIN,Asia Pacific,Singapore,215 ms,4857 kB/s
8.222.134.170,2086,false,SIN,Asia Pacific,Singapore,218 ms,4841 kB/s
8.219.1.92,2086,false,SIN,Asia Pacific,Singapore,243 ms,4833 kB/s
47.236.80.110,2086,false,SIN,Asia Pacific,Singapore,239 ms,4830 kB/s
47.236.87.246,8880,false,SIN,Asia Pacific,Singapore,219 ms,4829 kB/s
8.219.83.201,8080,false,SIN,Asia Pacific,Singapore,229 ms,4823 kB/s
8.222.160.176,80,false,SIN,Asia Pacific,Singapore,240 ms,4822 kB/s
47.236.104.11,2052,false,SIN,Asia Pacific,Singapore,217 ms,4818 kB/s
8.222.180.86,2095,false,SIN,Asia Pacific,Singapore,225 ms,4813 kB/s
47.236.144.156,8080,false,SIN,Asia Pacific,Singapore,219 ms,4812 kB/s
8.219.1.92,2082,false,SIN,Asia Pacific,Singapore,227 ms,4809 kB/s
47.237.95.156,80,false,SIN,Asia Pacific,Singapore,239 ms,4802 kB/s
47.237.92.26,2095,false,SIN,Asia Pacific,Singapore,212 ms,4799 kB/s
8.222.187.4,8080,false,SIN,Asia Pacific,Singapore,217 ms,4795 kB/s
47.236.123.133,2086,false,SIN,Asia Pacific,Singapore,226 ms,4794 kB/s
8.219.111.175,2095,false,SIN,Asia Pacific,Singapore,234 ms,4792 kB/s
47.236.146.249,80,false,SIN,Asia Pacific,Singapore,238 ms,4785 kB/s
47.237.95.13,80,false,SIN,Asia Pacific,Singapore,239 ms,4783 kB/s
8.222.160.176,8080,false,SIN,Asia Pacific,Singapore,209 ms,4781 kB/s
8.217.147.230,2082,false,HKG,Asia Pacific,Hong Kong,70 ms,4774 kB/s
8.222.150.197,8080,false,SIN,Asia Pacific,Singapore,229 ms,4773 kB/s
47.236.102.102,2086,false,SIN,Asia Pacific,Singapore,220 ms,4772 kB/s
47.236.97.90,2082,false,SIN,Asia Pacific,Singapore,217 ms,4764 kB/s
47.236.83.239,2095,false,SIN,Asia Pacific,Singapore,226 ms,4760 kB/s
47.236.171.205,8080,false,SIN,Asia Pacific,Singapore,241 ms,4760 kB/s
47.76.77.103,80,false,HKG,Asia Pacific,Hong Kong,69 ms,4757 kB/s
47.236.102.102,8080,false,SIN,Asia Pacific,Singapore,232 ms,4757 kB/s
8.222.181.117,8080,false,SIN,Asia Pacific,Singapore,231 ms,4753 kB/s
8.219.98.13,80,false,SIN,Asia Pacific,Singapore,217 ms,4753 kB/s
8.222.134.170,8080,false,SIN,Asia Pacific,Singapore,238 ms,4752 kB/s
8.219.120.87,2052,false,SIN,Asia Pacific,Singapore,240 ms,4748 kB/s
47.236.149.107,2086,false,SIN,Asia Pacific,Singapore,228 ms,4747 kB/s
8.218.18.132,2082,false,HKG,Asia Pacific,Hong Kong,68 ms,4745 kB/s
8.222.244.192,2082,false,SIN,Asia Pacific,Singapore,219 ms,4736 kB/s
8.222.237.131,8080,false,SIN,Asia Pacific,Singapore,221 ms,4736 kB/s
47.236.172.71,2052,false,SIN,Asia Pacific,Singapore,217 ms,4735 kB/s
47.236.75.113,2086,false,SIN,Asia Pacific,Singapore,219 ms,4735 kB/s
47.236.189.92,80,false,SIN,Asia Pacific,Singapore,244 ms,4735 kB/s
8.219.0.162,2086,false,SIN,Asia Pacific,Singapore,237 ms,4733 kB/s
47.237.95.13,2052,false,SIN,Asia Pacific,Singapore,221 ms,4721 kB/s
8.219.191.40,8080,false,SIN,Asia Pacific,Singapore,237 ms,4718 kB/s
8.217.164.10,80,false,HKG,Asia Pacific,Hong Kong,61 ms,4711 kB/s
8.222.244.192,8880,false,SIN,Asia Pacific,Singapore,217 ms,4710 kB/s
8.219.229.190,2052,false,SIN,Asia Pacific,Singapore,222 ms,4706 kB/s
47.236.75.113,2082,false,SIN,Asia Pacific,Singapore,215 ms,4705 kB/s
8.222.150.197,80,false,SIN,Asia Pacific,Singapore,225 ms,4702 kB/s
47.237.95.156,2086,false,SIN,Asia Pacific,Singapore,218 ms,4699 kB/s
47.237.10.1,2095,false,SIN,Asia Pacific,Singapore,216 ms,4698 kB/s
8.219.124.227,8880,false,SIN,Asia Pacific,Singapore,221 ms,4698 kB/s
47.237.84.173,2086,false,SIN,Asia Pacific,Singapore,234 ms,4696 kB/s
47.236.144.48,80,false,SIN,Asia Pacific,Singapore,216 ms,4695 kB/s
8.222.181.117,2095,false,SIN,Asia Pacific,Singapore,220 ms,4694 kB/s
8.218.188.129,2095,false,HKG,Asia Pacific,Hong Kong,61 ms,4690 kB/s
8.218.142.253,80,false,HKG,Asia Pacific,Hong Kong,70 ms,4687 kB/s
8.219.209.14,2052,false,SIN,Asia Pacific,Singapore,216 ms,4686 kB/s
47.236.165.25,2082,false,SIN,Asia Pacific,Singapore,214 ms,4683 kB/s
8.219.40.37,80,false,SIN,Asia Pacific,Singapore,223 ms,4674 kB/s
8.219.199.220,2082,false,SIN,Asia Pacific,Singapore,215 ms,4673 kB/s
47.76.146.1,2082,false,HKG,Asia Pacific,Hong Kong,63 ms,4671 kB/s
47.237.11.182,2086,false,SIN,Asia Pacific,Singapore,241 ms,4665 kB/s
47.236.9.152,2095,false,SIN,Asia Pacific,Singapore,218 ms,4650 kB/s
8.217.149.28,80,false,HKG,Asia Pacific,Hong Kong,55 ms,4647 kB/s
47.236.149.107,2095,false,SIN,Asia Pacific,Singapore,219 ms,4645 kB/s
47.243.42.219,2082,false,HKG,Asia Pacific,Hong Kong,63 ms,4642 kB/s
8.222.136.247,80,false,SIN,Asia Pacific,Singapore,208 ms,4635 kB/s
47.236.189.92,2082,false,SIN,Asia Pacific,Singapore,222 ms,4634 kB/s
47.236.254.120,2086,false,SIN,Asia Pacific,Singapore,213 ms,4633 kB/s
8.218.122.55,8080,false,HKG,Asia Pacific,Hong Kong,61 ms,4632 kB/s
8.222.134.170,80,false,SIN,Asia Pacific,Singapore,238 ms,4628 kB/s
47.237.84.173,8080,false,SIN,Asia Pacific,Singapore,222 ms,4627 kB/s
47.245.126.151,2052,false,SIN,Asia Pacific,Singapore,224 ms,4624 kB/s
47.237.8.82,80,false,SIN,Asia Pacific,Singapore,240 ms,4624 kB/s
8.219.220.88,8080,false,SIN,Asia Pacific,Singapore,231 ms,4623 kB/s
8.219.0.162,2095,false,SIN,Asia Pacific,Singapore,225 ms,4611 kB/s
47.237.14.220,2052,false,SIN,Asia Pacific,Singapore,231 ms,4608 kB/s
47.236.10.182,2052,false,SIN,Asia Pacific,Singapore,217 ms,4608 kB/s
47.242.54.157,8080,false,HKG,Asia Pacific,Hong Kong,64 ms,4605 kB/s
47.236.168.17,80,false,SIN,Asia Pacific,Singapore,208 ms,4602 kB/s
8.218.222.36,8080,false,HKG,Asia Pacific,Hong Kong,63 ms,4601 kB/s
8.219.87.30,8080,false,SIN,Asia Pacific,Singapore,225 ms,4600 kB/s
8.219.142.191,2082,false,SIN,Asia Pacific,Singapore,224 ms,4598 kB/s
8.210.207.214,2086,false,HKG,Asia Pacific,Hong Kong,61 ms,4598 kB/s
47.237.84.173,80,false,SIN,Asia Pacific,Singapore,215 ms,4586 kB/s
47.236.180.24,2052,false,SIN,Asia Pacific,Singapore,221 ms,4585 kB/s
8.222.160.176,2095,false,SIN,Asia Pacific,Singapore,222 ms,4585 kB/s
47.237.100.206,8880,false,SIN,Asia Pacific,Singapore,212 ms,4581 kB/s
47.236.102.102,2082,false,SIN,Asia Pacific,Singapore,231 ms,4575 kB/s
8.219.122.55,8080,false,SIN,Asia Pacific,Singapore,217 ms,4575 kB/s
47.237.95.140,2082,false,SIN,Asia Pacific,Singapore,222 ms,4573 kB/s
47.237.8.82,8080,false,SIN,Asia Pacific,Singapore,220 ms,4562 kB/s
8.219.1.92,8080,false,SIN,Asia Pacific,Singapore,218 ms,4562 kB/s
8.222.150.197,2052,false,SIN,Asia Pacific,Singapore,230 ms,4559 kB/s
47.242.174.27,2086,false,HKG,Asia Pacific,Hong Kong,60 ms,4558 kB/s
47.236.123.133,8080,false,SIN,Asia Pacific,Singapore,234 ms,4556 kB/s
47.237.82.15,8880,false,SIN,Asia Pacific,Singapore,211 ms,4555 kB/s
47.236.144.208,8880,false,SIN,Asia Pacific,Singapore,224 ms,4551 kB/s
8.218.18.235,2082,false,HKG,Asia Pacific,Hong Kong,59 ms,4551 kB/s
8.219.42.72,8080,false,SIN,Asia Pacific,Singapore,236 ms,4547 kB/s
8.218.52.115,8880,false,HKG,Asia Pacific,Hong Kong,61 ms,4545 kB/s
8.217.147.230,80,false,HKG,Asia Pacific,Hong Kong,65 ms,4545 kB/s
47.236.83.239,8880,false,SIN,Asia Pacific,Singapore,240 ms,4536 kB/s
47.236.104.11,2086,false,SIN,Asia Pacific,Singapore,229 ms,4529 kB/s
8.222.167.147,80,false,SIN,Asia Pacific,Singapore,214 ms,4519 kB/s
8.219.100.168,80,false,SIN,Asia Pacific,Singapore,228 ms,4519 kB/s
47.236.83.239,2082,false,SIN,Asia Pacific,Singapore,234 ms,4514 kB/s
47.236.104.11,80,false,SIN,Asia Pacific,Singapore,231 ms,4496 kB/s
8.217.145.40,2082,false,HKG,Asia Pacific,Hong Kong,57 ms,4495 kB/s
47.236.144.208,2086,false,SIN,Asia Pacific,Singapore,238 ms,4492 kB/s
8.219.78.188,8080,false,SIN,Asia Pacific,Singapore,228 ms,4489 kB/s
8.222.193.65,80,false,SIN,Asia Pacific,Singapore,221 ms,4486 kB/s
8.222.136.247,2086,false,SIN,Asia Pacific,Singapore,224 ms,4486 kB/s
47.236.104.11,2095,false,SIN,Asia Pacific,Singapore,218 ms,4484 kB/s
8.219.4.122,80,false,SIN,Asia Pacific,Singapore,228 ms,4483 kB/s
8.218.126.53,2095,false,HKG,Asia Pacific,Hong Kong,59 ms,4481 kB/s
8.219.50.180,8080,false,SIN,Asia Pacific,Singapore,238 ms,4480 kB/s
47.236.123.133,2095,false,SIN,Asia Pacific,Singapore,235 ms,4480 kB/s
47.243.27.217,2086,false,HKG,Asia Pacific,Hong Kong,65 ms,4479 kB/s
8.219.78.1,2095,false,SIN,Asia Pacific,Singapore,217 ms,4477 kB/s
8.219.229.190,80,false,SIN,Asia Pacific,Singapore,207 ms,4476 kB/s
47.76.146.1,2095,false,HKG,Asia Pacific,Hong Kong,61 ms,4475 kB/s
47.236.123.133,8880,false,SIN,Asia Pacific,Singapore,226 ms,4475 kB/s
8.219.40.37,8080,false,SIN,Asia Pacific,Singapore,212 ms,4471 kB/s
8.219.42.72,2086,false,SIN,Asia Pacific,Singapore,221 ms,4469 kB/s
47.243.42.219,8880,false,HKG,Asia Pacific,Hong Kong,64 ms,4469 kB/s
47.236.174.206,2086,false,SIN,Asia Pacific,Singapore,239 ms,4469 kB/s
47.236.172.95,8080,false,SIN,Asia Pacific,Singapore,236 ms,4467 kB/s
47.237.81.112,2095,false,SIN,Asia Pacific,Singapore,224 ms,4465 kB/s
47.237.95.140,80,false,SIN,Asia Pacific,Singapore,222 ms,4462 kB/s
47.236.10.182,8880,false,SIN,Asia Pacific,Singapore,222 ms,4461 kB/s
47.237.14.220,8080,false,SIN,Asia Pacific,Singapore,225 ms,4459 kB/s
8.219.0.162,8080,false,SIN,Asia Pacific,Singapore,227 ms,4459 kB/s
47.236.97.90,2095,false,SIN,Asia Pacific,Singapore,214 ms,4458 kB/s
8.219.86.200,8080,false,SIN,Asia Pacific,Singapore,211 ms,4455 kB/s
47.237.10.1,2082,false,SIN,Asia Pacific,Singapore,221 ms,4453 kB/s
47.237.95.13,2082,false,SIN,Asia Pacific,Singapore,209 ms,4446 kB/s
8.219.153.237,2095,false,NRT,Asia Pacific,Tokyo,289 ms,4444 kB/s
8.217.248.220,8080,false,HKG,Asia Pacific,Hong Kong,63 ms,4439 kB/s
47.236.144.156,2095,false,SIN,Asia Pacific,Singapore,212 ms,4437 kB/s
8.219.153.237,2082,false,NRT,Asia Pacific,Tokyo,281 ms,4437 kB/s
8.222.146.222,80,false,SIN,Asia Pacific,Singapore,231 ms,4436 kB/s
47.237.14.220,2095,false,SIN,Asia Pacific,Singapore,229 ms,4435 kB/s
8.219.49.65,8080,false,SIN,Asia Pacific,Singapore,225 ms,4434 kB/s
8.222.146.222,2095,false,SIN,Asia Pacific,Singapore,215 ms,4430 kB/s
47.236.9.152,8880,false,SIN,Asia Pacific,Singapore,243 ms,4426 kB/s
8.219.248.47,2095,false,SIN,Asia Pacific,Singapore,218 ms,4420 kB/s
8.217.49.34,8080,false,HKG,Asia Pacific,Hong Kong,60 ms,4413 kB/s
47.237.8.82,2095,false,SIN,Asia Pacific,Singapore,221 ms,4412 kB/s
8.219.126.240,80,false,SIN,Asia Pacific,Singapore,223 ms,4410 kB/s
8.219.201.245,8080,false,SIN,Asia Pacific,Singapore,240 ms,4405 kB/s
8.219.220.88,8880,false,SIN,Asia Pacific,Singapore,223 ms,4404 kB/s
47.243.203.119,8080,false,HKG,Asia Pacific,Hong Kong,65 ms,4400 kB/s
47.236.146.249,2082,false,SIN,Asia Pacific,Singapore,215 ms,4394 kB/s
47.236.97.90,2052,false,SIN,Asia Pacific,Singapore,218 ms,4394 kB/s
8.219.67.133,8880,false,SIN,Asia Pacific,Singapore,237 ms,4389 kB/s
47.236.17.193,2086,false,SIN,Asia Pacific,Singapore,250 ms,4387 kB/s
8.219.51.211,8080,false,SIN,Asia Pacific,Singapore,219 ms,4383 kB/s
47.236.118.216,80,false,SIN,Asia Pacific,Singapore,239 ms,4382 kB/s
8.222.156.242,2095,false,SIN,Asia Pacific,Singapore,216 ms,4381 kB/s
8.218.155.238,8880,false,HKG,Asia Pacific,Hong Kong,58 ms,4381 kB/s
47.236.97.90,8880,false,SIN,Asia Pacific,Singapore,231 ms,4378 kB/s
47.243.139.85,80,false,HKG,Asia Pacific,Hong Kong,59 ms,4369 kB/s
8.219.153.237,80,false,NRT,Asia Pacific,Tokyo,283 ms,4368 kB/s
8.219.67.133,2086,false,SIN,Asia Pacific,Singapore,220 ms,4367 kB/s
8.219.229.190,2095,false,SIN,Asia Pacific,Singapore,234 ms,4366 kB/s
8.219.194.170,2082,false,SIN,Asia Pacific,Singapore,226 ms,4365 kB/s
8.219.66.156,2086,false,NRT,Asia Pacific,Tokyo,289 ms,4364 kB/s
47.236.180.51,8880,false,SIN,Asia Pacific,Singapore,217 ms,4364 kB/s
8.222.160.176,2082,false,SIN,Asia Pacific,Singapore,241 ms,4362 kB/s
8.219.194.170,8080,false,SIN,Asia Pacific,Singapore,244 ms,4356 kB/s
47.242.232.14,8880,false,HKG,Asia Pacific,Hong Kong,78 ms,4350 kB/s
47.242.176.237,80,false,HKG,Asia Pacific,Hong Kong,63 ms,4346 kB/s
47.236.165.25,8080,false,SIN,Asia Pacific,Singapore,220 ms,4342 kB/s
8.219.77.222,8880,false,SIN,Asia Pacific,Singapore,222 ms,4339 kB/s
8.219.248.47,8880,false,SIN,Asia Pacific,Singapore,221 ms,4338 kB/s
8.210.107.246,2082,false,HKG,Asia Pacific,Hong Kong,67 ms,4337 kB/s
8.219.4.122,8080,false,SIN,Asia Pacific,Singapore,220 ms,4337 kB/s
8.218.8.142,8080,false,HKG,Asia Pacific,Hong Kong,65 ms,4334 kB/s
47.237.11.182,2082,false,SIN,Asia Pacific,Singapore,219 ms,4327 kB/s
47.236.146.249,8080,false,SIN,Asia Pacific,Singapore,229 ms,4325 kB/s
8.219.98.13,2086,false,SIN,Asia Pacific,Singapore,221 ms,4324 kB/s
8.219.210.64,2082,false,SIN,Asia Pacific,Singapore,229 ms,4322 kB/s
8.219.78.188,2095,false,SIN,Asia Pacific,Singapore,227 ms,4320 kB/s
47.242.54.157,2082,false,HKG,Asia Pacific,Hong Kong,64 ms,4314 kB/s
47.236.97.90,2086,false,SIN,Asia Pacific,Singapore,222 ms,4313 kB/s
47.245.84.124,2082,false,SIN,Asia Pacific,Singapore,228 ms,4311 kB/s
47.243.5.154,8080,false,HKG,Asia Pacific,Hong Kong,66 ms,4309 kB/s
8.219.42.72,2082,false,SIN,Asia Pacific,Singapore,220 ms,4292 kB/s
47.243.183.127,2082,false,HKG,Asia Pacific,Hong Kong,60 ms,4290 kB/s
47.236.180.51,80,false,SIN,Asia Pacific,Singapore,225 ms,4290 kB/s
47.236.87.246,80,false,SIN,Asia Pacific,Singapore,213 ms,4290 kB/s
47.237.81.112,2082,false,SIN,Asia Pacific,Singapore,233 ms,4290 kB/s
47.237.95.146,8880,false,SIN,Asia Pacific,Singapore,240 ms,4289 kB/s
8.219.200.145,2082,false,SIN,Asia Pacific,Singapore,220 ms,4288 kB/s
8.218.188.129,80,false,HKG,Asia Pacific,Hong Kong,65 ms,4287 kB/s
8.219.199.220,2052,false,SIN,Asia Pacific,Singapore,237 ms,4276 kB/s
47.236.125.62,2086,false,NRT,Asia Pacific,Tokyo,304 ms,4272 kB/s
47.243.90.180,2082,false,HKG,Asia Pacific,Hong Kong,57 ms,4271 kB/s
8.222.156.242,2082,false,SIN,Asia Pacific,Singapore,217 ms,4268 kB/s
8.219.220.88,2086,false,SIN,Asia Pacific,Singapore,237 ms,4268 kB/s
47.237.82.15,80,false,SIN,Asia Pacific,Singapore,216 ms,4268 kB/s
8.222.244.192,8080,false,SIN,Asia Pacific,Singapore,243 ms,4255 kB/s
8.219.209.14,80,false,SIN,Asia Pacific,Singapore,209 ms,4253 kB/s
47.236.80.110,8080,false,SIN,Asia Pacific,Singapore,237 ms,4250 kB/s
8.217.239.116,80,false,HKG,Asia Pacific,Hong Kong,62 ms,4246 kB/s
47.236.144.196,8080,false,SIN,Asia Pacific,Singapore,226 ms,4244 kB/s
47.243.169.63,8080,false,HKG,Asia Pacific,Hong Kong,62 ms,4237 kB/s
8.217.248.220,2082,false,HKG,Asia Pacific,Hong Kong,57 ms,4230 kB/s
47.236.144.48,8080,false,SIN,Asia Pacific,Singapore,213 ms,4228 kB/s
47.245.105.224,2082,false,SIN,Asia Pacific,Singapore,228 ms,4220 kB/s
8.219.191.110,2095,false,SIN,Asia Pacific,Singapore,218 ms,4206 kB/s
8.219.191.110,80,false,SIN,Asia Pacific,Singapore,230 ms,4187 kB/s
47.236.144.156,80,false,SIN,Asia Pacific,Singapore,209 ms,4184 kB/s
8.218.201.73,8880,false,HKG,Asia Pacific,Hong Kong,64 ms,4181 kB/s
47.236.118.216,8080,false,SIN,Asia Pacific,Singapore,226 ms,4180 kB/s
8.219.83.71,2086,false,SIN,Asia Pacific,Singapore,235 ms,4174 kB/s
8.222.144.50,2095,false,SIN,Asia Pacific,Singapore,219 ms,4174 kB/s
47.236.146.249,2086,false,SIN,Asia Pacific,Singapore,226 ms,4169 kB/s
47.237.95.156,2082,false,SIN,Asia Pacific,Singapore,239 ms,4169 kB/s
47.76.32.108,2082,false,HKG,Asia Pacific,Hong Kong,61 ms,4166 kB/s
47.236.87.246,2082,false,SIN,Asia Pacific,Singapore,217 ms,4165 kB/s
8.210.107.246,80,false,HKG,Asia Pacific,Hong Kong,61 ms,4158 kB/s
47.243.139.85,2082,false,HKG,Asia Pacific,Hong Kong,57 ms,4158 kB/s
8.218.126.53,8880,false,HKG,Asia Pacific,Hong Kong,61 ms,4142 kB/s
47.242.232.14,2095,false,HKG,Asia Pacific,Hong Kong,70 ms,4139 kB/s
8.219.200.145,2095,false,SIN,Asia Pacific,Singapore,215 ms,4135 kB/s
8.219.93.5,8080,false,SIN,Asia Pacific,Singapore,220 ms,4133 kB/s
47.236.117.48,8080,false,SIN,Asia Pacific,Singapore,242 ms,4129 kB/s
47.236.146.249,8880,false,SIN,Asia Pacific,Singapore,221 ms,4128 kB/s
47.236.168.17,2095,false,SIN,Asia Pacific,Singapore,222 ms,4124 kB/s
47.237.95.13,8880,false,SIN,Asia Pacific,Singapore,235 ms,4122 kB/s
8.219.229.190,2082,false,SIN,Asia Pacific,Singapore,211 ms,4115 kB/s
8.222.214.231,8080,false,SIN,Asia Pacific,Singapore,220 ms,4110 kB/s
8.219.49.65,2086,false,SIN,Asia Pacific,Singapore,223 ms,4107 kB/s
47.237.11.182,80,false,SIN,Asia Pacific,Singapore,215 ms,4098 kB/s
8.219.0.48,80,false,SIN,Asia Pacific,Singapore,220 ms,4097 kB/s
8.219.0.48,2086,false,SIN,Asia Pacific,Singapore,216 ms,4090 kB/s
8.219.114.201,8080,false,SIN,Asia Pacific,Singapore,219 ms,4089 kB/s
8.222.237.131,80,false,SIN,Asia Pacific,Singapore,224 ms,4088 kB/s
8.222.144.50,8880,false,SIN,Asia Pacific,Singapore,213 ms,4081 kB/s
47.237.84.173,2082,false,SIN,Asia Pacific,Singapore,220 ms,4081 kB/s
8.217.250.5,2095,false,HKG,Asia Pacific,Hong Kong,60 ms,4067 kB/s
8.218.142.253,8080,false,HKG,Asia Pacific,Hong Kong,67 ms,4065 kB/s
8.219.210.57,2082,false,SIN,Asia Pacific,Singapore,244 ms,4062 kB/s
8.219.210.64,2086,false,SIN,Asia Pacific,Singapore,235 ms,4059 kB/s
47.236.121.23,8880,false,SIN,Asia Pacific,Singapore,227 ms,4057 kB/s
8.222.167.147,8080,false,SIN,Asia Pacific,Singapore,224 ms,4049 kB/s
47.236.123.133,2082,false,SIN,Asia Pacific,Singapore,224 ms,4049 kB/s
8.222.244.192,2095,false,SIN,Asia Pacific,Singapore,221 ms,4041 kB/s
8.219.83.201,2086,false,SIN,Asia Pacific,Singapore,220 ms,4039 kB/s
8.219.97.50,2086,false,SIN,Asia Pacific,Singapore,215 ms,4031 kB/s
8.222.249.190,8080,false,SIN,Asia Pacific,Singapore,240 ms,4025 kB/s
47.236.93.176,8880,false,SIN,Asia Pacific,Singapore,230 ms,4024 kB/s
47.236.169.15,8080,false,SIN,Asia Pacific,Singapore,241 ms,4016 kB/s
8.222.146.222,2086,false,SIN,Asia Pacific,Singapore,217 ms,4010 kB/s
8.219.93.5,8880,false,SIN,Asia Pacific,Singapore,232 ms,4006 kB/s
47.236.93.176,80,false,SIN,Asia Pacific,Singapore,214 ms,4001 kB/s
47.236.75.113,8080,false,SIN,Asia Pacific,Singapore,217 ms,3998 kB/s
8.218.8.142,8880,false,HKG,Asia Pacific,Hong Kong,55 ms,3987 kB/s
8.219.4.122,8880,false,SIN,Asia Pacific,Singapore,243 ms,3983 kB/s
47.243.206.150,8880,false,HKG,Asia Pacific,Hong Kong,61 ms,3978 kB/s
8.219.110.81,80,false,SIN,Asia Pacific,Singapore,242 ms,3978 kB/s
8.219.98.13,2082,false,SIN,Asia Pacific,Singapore,240 ms,3974 kB/s
47.236.144.156,8880,false,SIN,Asia Pacific,Singapore,221 ms,3968 kB/s
47.242.232.14,80,false,HKG,Asia Pacific,Hong Kong,68 ms,3967 kB/s
47.236.125.62,8880,false,NRT,Asia Pacific,Tokyo,293 ms,3965 kB/s
47.236.121.23,80,false,SIN,Asia Pacific,Singapore,223 ms,3965 kB/s
8.219.78.1,8080,false,SIN,Asia Pacific,Singapore,239 ms,3952 kB/s
47.236.93.176,2086,false,SIN,Asia Pacific,Singapore,226 ms,3952 kB/s
47.245.84.124,2052,false,SIN,Asia Pacific,Singapore,221 ms,3949 kB/s
8.219.126.240,8880,false,SIN,Asia Pacific,Singapore,223 ms,3948 kB/s
8.219.66.156,2095,false,NRT,Asia Pacific,Tokyo,285 ms,3946 kB/s
47.237.8.82,2086,false,SIN,Asia Pacific,Singapore,237 ms,3944 kB/s
47.243.60.150,2052,false,HKG,Asia Pacific,Hong Kong,58 ms,3921 kB/s
8.219.66.156,8880,false,NRT,Asia Pacific,Tokyo,290 ms,3920 kB/s
47.237.86.185,2052,false,SIN,Asia Pacific,Singapore,224 ms,3918 kB/s
8.219.248.47,8080,false,SIN,Asia Pacific,Singapore,220 ms,3917 kB/s
8.219.201.245,80,false,SIN,Asia Pacific,Singapore,222 ms,3911 kB/s
8.219.209.14,8880,false,SIN,Asia Pacific,Singapore,224 ms,3908 kB/s
47.245.114.163,8880,false,SIN,Asia Pacific,Singapore,225 ms,3900 kB/s
47.245.114.163,80,false,SIN,Asia Pacific,Singapore,249 ms,3899 kB/s
8.219.60.54,8080,false,SIN,Asia Pacific,Singapore,213 ms,3896 kB/s
8.219.124.227,8080,false,SIN,Asia Pacific,Singapore,244 ms,3896 kB/s
47.236.102.102,8880,false,SIN,Asia Pacific,Singapore,244 ms,3889 kB/s
8.219.50.180,2095,false,SIN,Asia Pacific,Singapore,218 ms,3880 kB/s
8.222.237.131,8880,false,SIN,Asia Pacific,Singapore,212 ms,3872 kB/s
8.219.66.156,80,false,NRT,Asia Pacific,Tokyo,308 ms,3871 kB/s
47.245.105.224,80,false,SIN,Asia Pacific,Singapore,255 ms,3868 kB/s
8.219.87.30,2086,false,SIN,Asia Pacific,Singapore,243 ms,3862 kB/s
47.237.95.140,2086,false,SIN,Asia Pacific,Singapore,241 ms,3857 kB/s
47.236.10.100,8880,false,SIN,Asia Pacific,Singapore,225 ms,3852 kB/s
8.222.162.45,80,false,SIN,Asia Pacific,Singapore,220 ms,3850 kB/s
8.219.198.139,2095,false,SIN,Asia Pacific,Singapore,239 ms,3845 kB/s
8.219.199.220,8080,false,SIN,Asia Pacific,Singapore,223 ms,3844 kB/s
47.242.59.216,80,false,HKG,Asia Pacific,Hong Kong,68 ms,3838 kB/s
8.222.162.45,2095,false,SIN,Asia Pacific,Singapore,215 ms,3834 kB/s
47.242.54.157,8880,false,HKG,Asia Pacific,Hong Kong,61 ms,3830 kB/s
8.219.153.237,2086,false,NRT,Asia Pacific,Tokyo,320 ms,3828 kB/s
47.76.77.103,2086,false,HKG,Asia Pacific,Hong Kong,69 ms,3827 kB/s
8.219.113.232,8880,false,SIN,Asia Pacific,Singapore,224 ms,3822 kB/s
47.237.86.185,8080,false,SIN,Asia Pacific,Singapore,224 ms,3801 kB/s
47.76.159.146,80,false,HKG,Asia Pacific,Hong Kong,60 ms,3800 kB/s
8.219.202.130,80,false,SIN,Asia Pacific,Singapore,235 ms,3797 kB/s
47.245.114.163,2082,false,SIN,Asia Pacific,Singapore,230 ms,3790 kB/s
47.237.95.146,2086,false,SIN,Asia Pacific,Singapore,242 ms,3781 kB/s
47.236.144.208,2052,false,SIN,Asia Pacific,Singapore,218 ms,3776 kB/s
47.237.0.31,2052,false,SIN,Asia Pacific,Singapore,233 ms,3771 kB/s
8.219.210.57,2095,false,SIN,Asia Pacific,Singapore,216 ms,3767 kB/s
8.219.87.30,80,false,SIN,Asia Pacific,Singapore,238 ms,3765 kB/s
47.243.60.150,8080,false,HKG,Asia Pacific,Hong Kong,63 ms,3757 kB/s
8.218.188.129,8080,false,HKG,Asia Pacific,Hong Kong,65 ms,3753 kB/s
8.219.86.200,80,false,SIN,Asia Pacific,Singapore,240 ms,3752 kB/s
47.243.139.243,80,false,HKG,Asia Pacific,Hong Kong,64 ms,3733 kB/s
47.245.84.124,80,false,SIN,Asia Pacific,Singapore,240 ms,3730 kB/s
47.237.86.185,2095,false,SIN,Asia Pacific,Singapore,238 ms,3717 kB/s
47.236.5.223,2082,false,SIN,Asia Pacific,Singapore,245 ms,3716 kB/s
8.219.114.201,2086,false,SIN,Asia Pacific,Singapore,220 ms,3713 kB/s
8.217.248.220,2095,false,HKG,Asia Pacific,Hong Kong,62 ms,3710 kB/s
8.218.2.181,8880,false,HKG,Asia Pacific,Hong Kong,61 ms,3710 kB/s
8.219.248.47,80,false,SIN,Asia Pacific,Singapore,226 ms,3710 kB/s
8.219.240.160,8880,false,SIN,Asia Pacific,Singapore,230 ms,3707 kB/s
47.237.95.140,2095,false,SIN,Asia Pacific,Singapore,217 ms,3706 kB/s
47.236.121.23,2082,false,SIN,Asia Pacific,Singapore,219 ms,3700 kB/s
47.236.125.62,2052,false,NRT,Asia Pacific,Tokyo,289 ms,3690 kB/s
47.243.42.219,2095,false,HKG,Asia Pacific,Hong Kong,60 ms,3686 kB/s
8.219.42.72,80,false,SIN,Asia Pacific,Singapore,212 ms,3682 kB/s
8.222.162.45,8080,false,SIN,Asia Pacific,Singapore,220 ms,3682 kB/s
47.236.146.249,2095,false,SIN,Asia Pacific,Singapore,244 ms,3681 kB/s
47.237.95.140,2052,false,SIN,Asia Pacific,Singapore,242 ms,3678 kB/s
47.243.183.127,8080,false,HKG,Asia Pacific,Hong Kong,63 ms,3673 kB/s
47.237.10.1,2086,false,SIN,Asia Pacific,Singapore,218 ms,3665 kB/s
8.219.83.71,80,false,SIN,Asia Pacific,Singapore,212 ms,3654 kB/s
8.210.156.6,8880,false,HKG,Asia Pacific,Hong Kong,56 ms,3645 kB/s
8.222.180.86,8880,false,SIN,Asia Pacific,Singapore,239 ms,3632 kB/s
8.219.66.156,8080,false,NRT,Asia Pacific,Tokyo,307 ms,3629 kB/s
47.237.82.15,2082,false,SIN,Asia Pacific,Singapore,237 ms,3625 kB/s
47.242.59.216,2095,false,HKG,Asia Pacific,Hong Kong,59 ms,3623 kB/s
8.219.153.237,8080,false,NRT,Asia Pacific,Tokyo,306 ms,3619 kB/s
47.242.59.216,2052,false,HKG,Asia Pacific,Hong Kong,64 ms,3618 kB/s
47.88.85.197,2095,false,SJC,North America,San Jose,175 ms,3615 kB/s
47.245.118.70,8880,false,SIN,Asia Pacific,Singapore,232 ms,3611 kB/s
8.217.221.165,8880,false,HKG,Asia Pacific,Hong Kong,63 ms,3606 kB/s
8.219.210.64,80,false,SIN,Asia Pacific,Singapore,229 ms,3603 kB/s
47.245.86.230,2082,false,SIN,Asia Pacific,Singapore,221 ms,3602 kB/s
47.236.144.208,2082,false,SIN,Asia Pacific,Singapore,214 ms,3597 kB/s
8.219.200.145,80,false,SIN,Asia Pacific,Singapore,215 ms,3593 kB/s
47.237.95.13,8080,false,SIN,Asia Pacific,Singapore,211 ms,3579 kB/s
8.219.49.65,2082,false,SIN,Asia Pacific,Singapore,216 ms,3569 kB/s
47.236.189.92,2086,false,SIN,Asia Pacific,Singapore,233 ms,3548 kB/s
47.236.121.23,2095,false,SIN,Asia Pacific,Singapore,228 ms,3546 kB/s
47.242.176.237,8880,false,HKG,Asia Pacific,Hong Kong,63 ms,3544 kB/s
47.245.102.52,8080,false,SIN,Asia Pacific,Singapore,230 ms,3532 kB/s
8.219.97.50,8880,false,SIN,Asia Pacific,Singapore,233 ms,3525 kB/s
8.222.150.197,2095,false,SIN,Asia Pacific,Singapore,240 ms,3514 kB/s
8.217.147.230,2095,false,HKG,Asia Pacific,Hong Kong,66 ms,3504 kB/s
47.242.17.250,8080,false,HKG,Asia Pacific,Hong Kong,55 ms,3493 kB/s
47.237.14.220,2086,false,SIN,Asia Pacific,Singapore,223 ms,3477 kB/s
47.236.144.196,8880,false,SIN,Asia Pacific,Singapore,219 ms,3472 kB/s
47.237.82.15,2086,false,SIN,Asia Pacific,Singapore,221 ms,3468 kB/s
8.217.159.210,2095,false,HKG,Asia Pacific,Hong Kong,58 ms,3466 kB/s
47.237.95.156,8880,false,SIN,Asia Pacific,Singapore,223 ms,3466 kB/s
47.236.10.100,2095,false,SIN,Asia Pacific,Singapore,211 ms,3466 kB/s
47.236.104.11,8080,false,SIN,Asia Pacific,Singapore,222 ms,3447 kB/s
47.236.144.156,2052,false,SIN,Asia Pacific,Singapore,222 ms,3446 kB/s
8.219.42.72,2095,false,SIN,Asia Pacific,Singapore,223 ms,3436 kB/s
47.237.82.15,2052,false,SIN,Asia Pacific,Singapore,227 ms,3411 kB/s
8.219.11.158,2082,false,SIN,Asia Pacific,Singapore,227 ms,3409 kB/s
47.245.86.230,2086,false,SIN,Asia Pacific,Singapore,239 ms,3405 kB/s
8.219.0.162,80,false,SIN,Asia Pacific,Singapore,220 ms,3401 kB/s
47.76.94.15,2095,false,HKG,Asia Pacific,Hong Kong,61 ms,3385 kB/s
8.219.78.188,8880,false,SIN,Asia Pacific,Singapore,222 ms,3375 kB/s
47.245.114.163,2052,false,SIN,Asia Pacific,Singapore,240 ms,3375 kB/s
47.245.118.70,2095,false,SIN,Asia Pacific,Singapore,253 ms,3370 kB/s
8.210.3.24,8880,false,HKG,Asia Pacific,Hong Kong,68 ms,3360 kB/s
47.236.97.90,80,false,SIN,Asia Pacific,Singapore,239 ms,3357 kB/s
47.76.77.103,8880,false,HKG,Asia Pacific,Hong Kong,70 ms,3329 kB/s
8.219.200.145,2052,false,SIN,Asia Pacific,Singapore,242 ms,3313 kB/s
47.237.11.182,8080,false,SIN,Asia Pacific,Singapore,214 ms,3312 kB/s
8.219.126.240,8080,false,SIN,Asia Pacific,Singapore,239 ms,3303 kB/s
47.236.97.90,8080,false,SIN,Asia Pacific,Singapore,241 ms,3300 kB/s
47.245.118.70,2082,false,SIN,Asia Pacific,Singapore,231 ms,3298 kB/s
8.210.107.246,8080,false,HKG,Asia Pacific,Hong Kong,56 ms,3293 kB/s
47.237.14.220,8880,false,SIN,Asia Pacific,Singapore,212 ms,3286 kB/s
47.237.83.20,2095,false,SIN,Asia Pacific,Singapore,220 ms,3286 kB/s
47.237.82.15,8080,false,SIN,Asia Pacific,Singapore,212 ms,3284 kB/s
8.219.201.245,8880,false,SIN,Asia Pacific,Singapore,236 ms,3274 kB/s
8.210.119.11,80,false,HKG,Asia Pacific,Hong Kong,59 ms,3272 kB/s
47.236.174.206,8080,false,SIN,Asia Pacific,Singapore,219 ms,3267 kB/s
47.237.95.13,2095,false,SIN,Asia Pacific,Singapore,243 ms,3264 kB/s
47.76.32.108,2095,false,HKG,Asia Pacific,Hong Kong,65 ms,3252 kB/s
47.245.102.52,2095,false,SIN,Asia Pacific,Singapore,256 ms,3249 kB/s
8.217.145.40,8880,false,HKG,Asia Pacific,Hong Kong,72 ms,3249 kB/s
8.219.97.50,8080,false,SIN,Asia Pacific,Singapore,219 ms,3242 kB/s
8.219.50.180,8880,false,SIN,Asia Pacific,Singapore,215 ms,3240 kB/s
8.210.65.1,80,false,HKG,Asia Pacific,Hong Kong,58 ms,3231 kB/s
8.219.60.54,8880,false,SIN,Asia Pacific,Singapore,221 ms,3215 kB/s
8.219.66.156,2082,false,NRT,Asia Pacific,Tokyo,316 ms,3214 kB/s
8.219.210.64,8080,false,SIN,Asia Pacific,Singapore,248 ms,3210 kB/s
47.237.95.146,8080,false,SIN,Asia Pacific,Singapore,223 ms,3197 kB/s
47.237.92.26,8880,false,SIN,Asia Pacific,Singapore,223 ms,3172 kB/s
47.236.125.62,2082,false,NRT,Asia Pacific,Tokyo,287 ms,3169 kB/s
47.243.86.79,80,false,HKG,Asia Pacific,Hong Kong,62 ms,3166 kB/s
47.243.27.217,2095,false,HKG,Asia Pacific,Hong Kong,63 ms,3158 kB/s
47.245.118.70,8080,false,SIN,Asia Pacific,Singapore,238 ms,3148 kB/s
8.219.83.201,2095,false,SIN,Asia Pacific,Singapore,230 ms,3141 kB/s
8.217.145.40,80,false,HKG,Asia Pacific,Hong Kong,70 ms,3127 kB/s
47.76.32.108,80,false,HKG,Asia Pacific,Hong Kong,70 ms,3118 kB/s
8.217.159.210,2082,false,HKG,Asia Pacific,Hong Kong,63 ms,3099 kB/s
47.245.126.151,2095,false,SIN,Asia Pacific,Singapore,231 ms,3093 kB/s
47.76.146.1,80,false,HKG,Asia Pacific,Hong Kong,64 ms,3092 kB/s
47.243.5.154,80,false,HKG,Asia Pacific,Hong Kong,67 ms,3090 kB/s
47.245.126.151,2086,false,SIN,Asia Pacific,Singapore,231 ms,3071 kB/s
8.222.167.147,8880,false,SIN,Asia Pacific,Singapore,219 ms,3071 kB/s
8.219.106.156,8080,false,SIN,Asia Pacific,Singapore,216 ms,3065 kB/s
8.218.174.118,8880,false,HKG,Asia Pacific,Hong Kong,67 ms,3059 kB/s
47.237.8.82,2082,false,SIN,Asia Pacific,Singapore,233 ms,3052 kB/s
8.217.91.121,8880,false,HKG,Asia Pacific,Hong Kong,58 ms,3051 kB/s
47.236.150.13,2086,false,SIN,Asia Pacific,Singapore,223 ms,3042 kB/s
8.219.200.145,8880,false,SIN,Asia Pacific,Singapore,226 ms,3031 kB/s
47.236.144.48,2086,false,SIN,Asia Pacific,Singapore,225 ms,3023 kB/s
8.210.100.23,8080,false,HKG,Asia Pacific,Hong Kong,54 ms,3020 kB/s
47.236.170.225,80,false,SIN,Asia Pacific,Singapore,225 ms,3010 kB/s
47.245.84.124,8080,false,SIN,Asia Pacific,Singapore,259 ms,3008 kB/s
8.218.65.237,80,false,HKG,Asia Pacific,Hong Kong,70 ms,3005 kB/s
47.237.92.26,80,false,SIN,Asia Pacific,Singapore,236 ms,2999 kB/s
8.219.222.98,2052,false,SIN,Asia Pacific,Singapore,215 ms,2999 kB/s
8.219.106.156,2095,false,SIN,Asia Pacific,Singapore,226 ms,2983 kB/s
8.219.114.201,2082,false,SIN,Asia Pacific,Singapore,247 ms,2977 kB/s
47.236.9.152,2086,false,SIN,Asia Pacific,Singapore,229 ms,2971 kB/s
8.222.208.38,80,false,SIN,Asia Pacific,Singapore,212 ms,2962 kB/s
8.219.50.180,2052,false,SIN,Asia Pacific,Singapore,221 ms,2932 kB/s
47.237.83.20,80,false,SIN,Asia Pacific,Singapore,229 ms,2917 kB/s
47.245.102.52,80,false,SIN,Asia Pacific,Singapore,244 ms,2899 kB/s
8.219.87.30,8880,false,SIN,Asia Pacific,Singapore,226 ms,2897 kB/s
47.245.118.70,2052,false,SIN,Asia Pacific,Singapore,245 ms,2885 kB/s
47.245.86.230,80,false,SIN,Asia Pacific,Singapore,238 ms,2853 kB/s
47.243.5.154,8880,false,HKG,Asia Pacific,Hong Kong,62 ms,2848 kB/s
47.236.170.225,8880,false,SIN,Asia Pacific,Singapore,239 ms,2848 kB/s
47.245.102.52,8880,false,SIN,Asia Pacific,Singapore,230 ms,2842 kB/s
47.76.94.15,8880,false,HKG,Asia Pacific,Hong Kong,59 ms,2841 kB/s
8.217.250.222,8880,false,HKG,Asia Pacific,Hong Kong,72 ms,2836 kB/s
47.236.125.62,8080,false,NRT,Asia Pacific,Tokyo,304 ms,2829 kB/s
8.219.100.168,2082,false,SIN,Asia Pacific,Singapore,211 ms,2808 kB/s
47.245.126.151,2082,false,SIN,Asia Pacific,Singapore,244 ms,2803 kB/s
47.236.164.215,80,false,SIN,Asia Pacific,Singapore,229 ms,2791 kB/s
47.243.86.79,8880,false,HKG,Asia Pacific,Hong Kong,57 ms,2789 kB/s
8.219.210.57,2086,false,SIN,Asia Pacific,Singapore,228 ms,2782 kB/s
8.219.200.145,8080,false,SIN,Asia Pacific,Singapore,233 ms,2750 kB/s
47.236.170.225,2095,false,SIN,Asia Pacific,Singapore,225 ms,2740 kB/s
8.222.162.45,2082,false,SIN,Asia Pacific,Singapore,244 ms,2735 kB/s
47.236.144.48,2095,false,SIN,Asia Pacific,Singapore,220 ms,2721 kB/s
47.237.94.140,2052,false,SIN,Asia Pacific,Singapore,212 ms,2718 kB/s
8.217.121.207,8080,false,HKG,Asia Pacific,Hong Kong,58 ms,2691 kB/s
8.217.159.210,80,false,HKG,Asia Pacific,Hong Kong,70 ms,2668 kB/s
47.245.86.230,2095,false,SIN,Asia Pacific,Singapore,240 ms,2663 kB/s
47.236.125.62,2095,false,NRT,Asia Pacific,Tokyo,282 ms,2656 kB/s
8.219.153.237,8880,false,NRT,Asia Pacific,Tokyo,284 ms,2634 kB/s
47.242.54.157,80,false,HKG,Asia Pacific,Hong Kong,69 ms,2626 kB/s
8.218.188.129,8880,false,HKG,Asia Pacific,Hong Kong,57 ms,2619 kB/s
47.76.159.146,2095,false,HKG,Asia Pacific,Hong Kong,59 ms,2599 kB/s
8.219.83.201,8880,false,SIN,Asia Pacific,Singapore,239 ms,2575 kB/s
47.243.86.79,8080,false,HKG,Asia Pacific,Hong Kong,66 ms,2567 kB/s
8.219.83.201,80,false,SIN,Asia Pacific,Singapore,240 ms,2553 kB/s
8.210.119.11,2095,false,HKG,Asia Pacific,Hong Kong,69 ms,2524 kB/s
8.210.175.109,8880,false,HKG,Asia Pacific,Hong Kong,61 ms,2520 kB/s
8.218.122.55,2095,false,HKG,Asia Pacific,Hong Kong,63 ms,2447 kB/s
47.76.94.15,80,false,HKG,Asia Pacific,Hong Kong,66 ms,2377 kB/s
8.222.208.38,8880,false,SIN,Asia Pacific,Singapore,219 ms,2373 kB/s
8.217.49.34,80,false,HKG,Asia Pacific,Hong Kong,65 ms,2338 kB/s
8.218.204.128,8080,false,HKG,Asia Pacific,Hong Kong,71 ms,2322 kB/s
47.245.105.224,8880,false,SIN,Asia Pacific,Singapore,228 ms,2320 kB/s
47.243.27.217,8080,false,HKG,Asia Pacific,Hong Kong,59 ms,2315 kB/s
47.243.183.127,80,false,HKG,Asia Pacific,Hong Kong,66 ms,2294 kB/s
8.217.239.116,2082,false,HKG,Asia Pacific,Hong Kong,58 ms,2263 kB/s
8.217.85.14,80,false,HKG,Asia Pacific,Hong Kong,64 ms,2259 kB/s
47.245.114.163,2086,false,SIN,Asia Pacific,Singapore,253 ms,2233 kB/s
8.219.78.1,8880,false,SIN,Asia Pacific,Singapore,215 ms,2232 kB/s
8.218.204.128,8880,false,HKG,Asia Pacific,Hong Kong,65 ms,2225 kB/s
8.219.222.98,2086,false,SIN,Asia Pacific,Singapore,241 ms,2215 kB/s
8.212.41.98,8080,false,SJC,North America,San Jose,70 ms,2214 kB/s
47.245.102.52,2082,false,SIN,Asia Pacific,Singapore,232 ms,2188 kB/s
8.210.39.96,2086,false,HKG,Asia Pacific,Hong Kong,58 ms,2183 kB/s
8.217.248.220,80,false,HKG,Asia Pacific,Hong Kong,62 ms,2177 kB/s
8.210.119.11,8080,false,HKG,Asia Pacific,Hong Kong,63 ms,2165 kB/s
47.243.60.150,2086,false,HKG,Asia Pacific,Hong Kong,58 ms,2157 kB/s
47.243.27.217,8880,false,HKG,Asia Pacific,Hong Kong,62 ms,2146 kB/s
8.217.49.34,2082,false,HKG,Asia Pacific,Hong Kong,65 ms,2139 kB/s
8.218.174.118,2082,false,HKG,Asia Pacific,Hong Kong,62 ms,2107 kB/s
8.219.106.156,2086,false,SIN,Asia Pacific,Singapore,234 ms,2088 kB/s
8.222.208.38,8080,false,SIN,Asia Pacific,Singapore,221 ms,2074 kB/s
47.245.84.124,8880,false,SIN,Asia Pacific,Singapore,249 ms,2055 kB/s
8.210.100.23,2082,false,HKG,Asia Pacific,Hong Kong,57 ms,2036 kB/s
47.243.90.180,2086,false,HKG,Asia Pacific,Hong Kong,61 ms,2025 kB/s
8.210.3.24,8080,false,HKG,Asia Pacific,Hong Kong,69 ms,2010 kB/s
8.222.208.38,2095,false,SIN,Asia Pacific,Singapore,232 ms,2004 kB/s
8.219.114.201,2095,false,SIN,Asia Pacific,Singapore,217 ms,1969 kB/s
8.212.41.98,80,false,SIN,Asia Pacific,Singapore,61 ms,1905 kB/s
47.76.94.15,8080,false,HKG,Asia Pacific,Hong Kong,57 ms,1845 kB/s
8.218.53.110,8880,false,HKG,Asia Pacific,Hong Kong,60 ms,1809 kB/s
8.210.39.96,8880,false,HKG,Asia Pacific,Hong Kong,61 ms,1749 kB/s
8.218.211.17,8880,false,HKG,Asia Pacific,Hong Kong,57 ms,1744 kB/s
47.245.126.151,8080,false,SIN,Asia Pacific,Singapore,230 ms,1729 kB/s
8.217.164.10,2095,false,HKG,Asia Pacific,Hong Kong,69 ms,1702 kB/s
47.243.90.180,80,false,HKG,Asia Pacific,Hong Kong,58 ms,1662 kB/s
47.76.94.15,2082,false,HKG,Asia Pacific,Hong Kong,63 ms,1612 kB/s
47.245.84.124,2095,false,SIN,Asia Pacific,Singapore,242 ms,1552 kB/s
8.210.245.224,80,false,HKG,Asia Pacific,Hong Kong,58 ms,1547 kB/s
8.218.122.55,80,false,HKG,Asia Pacific,Hong Kong,61 ms,1531 kB/s
8.218.207.169,8080,false,HKG,Asia Pacific,Hong Kong,60 ms,1440 kB/s
8.218.174.118,8080,false,HKG,Asia Pacific,Hong Kong,64 ms,1400 kB/s
47.243.91.58,8080,false,HKG,Asia Pacific,Hong Kong,59 ms,1362 kB/s
8.219.106.156,2082,false,SIN,Asia Pacific,Singapore,224 ms,1333 kB/s
8.210.245.224,8880,false,HKG,Asia Pacific,Hong Kong,66 ms,1316 kB/s
47.76.37.57,80,false,HKG,Asia Pacific,Hong Kong,64 ms,1308 kB/s
8.210.245.224,8080,false,HKG,Asia Pacific,Hong Kong,62 ms,1297 kB/s
47.236.125.62,80,false,NRT,Asia Pacific,Tokyo,308 ms,1212 kB/s
47.236.10.100,80,false,SIN,Asia Pacific,Singapore,225 ms,1189 kB/s
8.217.248.220,8880,false,HKG,Asia Pacific,Hong Kong,58 ms,1173 kB/s
8.219.240.160,2052,false,SIN,Asia Pacific,Singapore,234 ms,1143 kB/s
8.210.39.96,8080,false,HKG,Asia Pacific,Hong Kong,63 ms,1066 kB/s
8.210.207.214,2095,false,HKG,Asia Pacific,Hong Kong,61 ms,1044 kB/s
8.210.203.7,2095,false,HKG,Asia Pacific,Hong Kong,63 ms,1031 kB/s
8.218.204.128,80,false,HKG,Asia Pacific,Hong Kong,57 ms,943 kB/s
8.210.66.190,80,false,HKG,Asia Pacific,Hong Kong,56 ms,933 kB/s
47.245.105.224,2086,false,SIN,Asia Pacific,Singapore,225 ms,863 kB/s
8.210.119.11,8880,false,HKG,Asia Pacific,Hong Kong,68 ms,833 kB/s
8.217.250.5,8880,false,HKG,Asia Pacific,Hong Kong,62 ms,808 kB/s
8.218.243.95,2095,false,HKG,Asia Pacific,Hong Kong,71 ms,766 kB/s
8.210.100.23,2086,false,HKG,Asia Pacific,Hong Kong,63 ms,725 kB/s
8.218.18.132,8880,false,HKG,Asia Pacific,Hong Kong,70 ms,697 kB/s
8.218.126.53,80,false,HKG,Asia Pacific,Hong Kong,57 ms,652 kB/s
47.245.126.151,8880,false,SIN,Asia Pacific,Singapore,241 ms,628 kB/s
47.243.60.150,80,false,HKG,Asia Pacific,Hong Kong,64 ms,609 kB/s
8.218.122.55,8880,false,HKG,Asia Pacific,Hong Kong,63 ms,592 kB/s
8.210.203.7,8080,false,HKG,Asia Pacific,Hong Kong,65 ms,585 kB/s
8.210.203.7,8880,false,HKG,Asia Pacific,Hong Kong,64 ms,562 kB/s
8.217.207.60,8080,false,HKG,Asia Pacific,Hong Kong,67 ms,544 kB/s
8.219.77.141,80,false,SJC,North America,San Jose,222 ms,541 kB/s
47.243.139.85,8880,false,HKG,Asia Pacific,Hong Kong,67 ms,529 kB/s
8.210.39.96,2082,false,HKG,Asia Pacific,Hong Kong,61 ms,499 kB/s
8.219.106.156,2052,false,SIN,Asia Pacific,Singapore,243 ms,493 kB/s
47.57.13.107,80,false,HKG,Asia Pacific,Hong Kong,68 ms,468 kB/s
47.90.141.204,80,false,LAX,North America,Los Angeles,254 ms,439 kB/s
8.210.39.96,80,false,HKG,Asia Pacific,Hong Kong,55 ms,438 kB/s
47.57.245.232,80,false,SJC,North America,San Jose,78 ms,371 kB/s
8.218.174.118,80,false,HKG,Asia Pacific,Hong Kong,63 ms,348 kB/s
8.210.203.7,2082,false,HKG,Asia Pacific,Hong Kong,59 ms,338 kB/s
8.217.159.210,8880,false,HKG,Asia Pacific,Hong Kong,58 ms,324 kB/s
8.218.48.92,80,false,HKG,Asia Pacific,Hong Kong,71 ms,319 kB/s
8.217.159.210,8080,false,HKG,Asia Pacific,Hong Kong,61 ms,295 kB/s
8.210.55.134,2082,false,HKG,Asia Pacific,Hong Kong,64 ms,283 kB/s
47.57.14.118,80,false,SJC,North America,San Jose,69 ms,250 kB/s
8.222.183.242,8880,false,SIN,Asia Pacific,Singapore,235 ms,219 kB/s
47.236.80.110,2082,false,SIN,Asia Pacific,Singapore,226 ms,143 kB/s
8.210.55.134,8080,false,HKG,Asia Pacific,Hong Kong,64 ms,122 kB/s
8.210.55.134,8880,false,HKG,Asia Pacific,Hong Kong,61 ms,89 kB/s
8.209.119.190,80,false,SJC,North America,San Jose,270 ms,80 kB/s
8.210.55.134,80,false,HKG,Asia Pacific,Hong Kong,60 ms,68 kB/s
8.212.12.98,80,false,HKG,Asia Pacific,Hong Kong,69 ms,4 kB/s
47.243.173.187,8080,false,HKG,Asia Pacific,Hong Kong,61 ms,0 kB/s
47.243.173.187,8880,false,HKG,Asia Pacific,Hong Kong,59 ms,0 kB/s
8.219.60.54,2052,false,SIN,Asia Pacific,Singapore,216 ms,0 kB/s
47.236.150.13,2052,false,SIN,Asia Pacific,Singapore,217 ms,0 kB/s
8.217.91.121,8080,false,HKG,Asia Pacific,Hong Kong,57 ms,0 kB/s
47.236.10.182,80,false,SIN,Asia Pacific,Singapore,212 ms,0 kB/s
8.219.77.222,8080,false,SIN,Asia Pacific,Singapore,223 ms,0 kB/s
8.210.203.7,80,false,HKG,Asia Pacific,Hong Kong,64 ms,0 kB/s
8.217.159.210,2086,false,HKG,Asia Pacific,Hong Kong,63 ms,0 kB/s
47.236.202.91,8080,false,SIN,Asia Pacific,Singapore,241 ms,0 kB/s
47.236.202.91,80,false,SIN,Asia Pacific,Singapore,226 ms,0 kB/s
8.219.107.135,2095,false,SIN,Asia Pacific,Singapore,239 ms,0 kB/s
47.76.32.108,8880,false,HKG,Asia Pacific,Hong Kong,63 ms,0 kB/s
8.219.153.237,2052,false,NRT,Asia Pacific,Tokyo,310 ms,0 kB/s
47.236.164.215,8880,false,SIN,Asia Pacific,Singapore,228 ms,0 kB/s
8.218.243.95,8880,false,HKG,Asia Pacific,Hong Kong,59 ms,0 kB/s
47.242.157.96,8880,false,HKG,Asia Pacific,Hong Kong,58 ms,0 kB/s
47.236.174.206,2082,false,SIN,Asia Pacific,Singapore,220 ms,0 kB/s
47.236.144.48,2082,false,SIN,Asia Pacific,Singapore,240 ms,0 kB/s
47.243.203.119,2082,false,HKG,Asia Pacific,Hong Kong,66 ms,0 kB/s
8.218.53.110,80,false,HKG,Asia Pacific,Hong Kong,67 ms,0 kB/s
47.236.171.205,80,false,SIN,Asia Pacific,Singapore,229 ms,0 kB/s
47.243.107.148,8080,false,HKG,Asia Pacific,Hong Kong,62 ms,0 kB/s
47.243.27.217,80,false,HKG,Asia Pacific,Hong Kong,68 ms,0 kB/s
47.76.159.146,8080,false,HKG,Asia Pacific,Hong Kong,63 ms,0 kB/s
47.243.139.243,2082,false,HKG,Asia Pacific,Hong Kong,66 ms,0 kB/s
47.243.206.150,80,false,HKG,Asia Pacific,Hong Kong,68 ms,0 kB/s
8.210.245.224,2095,false,HKG,Asia Pacific,Hong Kong,69 ms,0 kB/s
47.243.42.219,80,false,HKG,Asia Pacific,Hong Kong,63 ms,0 kB/s
47.236.169.141,2082,false,SIN,Asia Pacific,Singapore,238 ms,0 kB/s
47.236.167.231,2095,false,SIN,Asia Pacific,Singapore,247 ms,0 kB/s
8.219.60.54,2095,false,SIN,Asia Pacific,Singapore,219 ms,0 kB/s
